--
-- PostgreSQL database dump
--

\restrict E95Q71ydabZ1e7Pj0WEMTMJLxq8oFis0Vmqip8bCR1mkYMpqnxlq8XppAlrDMwX

-- Dumped from database version 15.17 (Debian 15.17-1.pgdg13+1)
-- Dumped by pg_dump version 17.9 (Debian 17.9-0+deb13u1)

SET statement_timeout = 0;
SET lock_timeout = 0;
SET idle_in_transaction_session_timeout = 0;
SET transaction_timeout = 0;
SET client_encoding = 'UTF8';
SET standard_conforming_strings = on;
SELECT pg_catalog.set_config('search_path', '', false);
SET check_function_bodies = false;
SET xmloption = content;
SET client_min_messages = warning;
SET row_security = off;

SET default_tablespace = '';

SET default_table_access_method = heap;

--
-- Name: auth_group; Type: TABLE; Schema: public; Owner: erp
--

CREATE TABLE public.auth_group (
    id integer NOT NULL,
    name character varying(150) NOT NULL
);


ALTER TABLE public.auth_group OWNER TO erp;

--
-- Name: auth_group_id_seq; Type: SEQUENCE; Schema: public; Owner: erp
--

ALTER TABLE public.auth_group ALTER COLUMN id ADD GENERATED BY DEFAULT AS IDENTITY (
    SEQUENCE NAME public.auth_group_id_seq
    START WITH 1
    INCREMENT BY 1
    NO MINVALUE
    NO MAXVALUE
    CACHE 1
);


--
-- Name: auth_group_permissions; Type: TABLE; Schema: public; Owner: erp
--

CREATE TABLE public.auth_group_permissions (
    id bigint NOT NULL,
    group_id integer NOT NULL,
    permission_id integer NOT NULL
);


ALTER TABLE public.auth_group_permissions OWNER TO erp;

--
-- Name: auth_group_permissions_id_seq; Type: SEQUENCE; Schema: public; Owner: erp
--

ALTER TABLE public.auth_group_permissions ALTER COLUMN id ADD GENERATED BY DEFAULT AS IDENTITY (
    SEQUENCE NAME public.auth_group_permissions_id_seq
    START WITH 1
    INCREMENT BY 1
    NO MINVALUE
    NO MAXVALUE
    CACHE 1
);


--
-- Name: auth_permission; Type: TABLE; Schema: public; Owner: erp
--

CREATE TABLE public.auth_permission (
    id integer NOT NULL,
    name character varying(255) NOT NULL,
    content_type_id integer NOT NULL,
    codename character varying(100) NOT NULL
);


ALTER TABLE public.auth_permission OWNER TO erp;

--
-- Name: auth_permission_id_seq; Type: SEQUENCE; Schema: public; Owner: erp
--

ALTER TABLE public.auth_permission ALTER COLUMN id ADD GENERATED BY DEFAULT AS IDENTITY (
    SEQUENCE NAME public.auth_permission_id_seq
    START WITH 1
    INCREMENT BY 1
    NO MINVALUE
    NO MAXVALUE
    CACHE 1
);


--
-- Name: auth_user; Type: TABLE; Schema: public; Owner: erp
--

CREATE TABLE public.auth_user (
    id integer NOT NULL,
    password character varying(128) NOT NULL,
    last_login timestamp with time zone,
    is_superuser boolean NOT NULL,
    username character varying(150) NOT NULL,
    first_name character varying(150) NOT NULL,
    last_name character varying(150) NOT NULL,
    email character varying(254) NOT NULL,
    is_staff boolean NOT NULL,
    is_active boolean NOT NULL,
    date_joined timestamp with time zone NOT NULL
);


ALTER TABLE public.auth_user OWNER TO erp;

--
-- Name: auth_user_groups; Type: TABLE; Schema: public; Owner: erp
--

CREATE TABLE public.auth_user_groups (
    id bigint NOT NULL,
    user_id integer NOT NULL,
    group_id integer NOT NULL
);


ALTER TABLE public.auth_user_groups OWNER TO erp;

--
-- Name: auth_user_groups_id_seq; Type: SEQUENCE; Schema: public; Owner: erp
--

ALTER TABLE public.auth_user_groups ALTER COLUMN id ADD GENERATED BY DEFAULT AS IDENTITY (
    SEQUENCE NAME public.auth_user_groups_id_seq
    START WITH 1
    INCREMENT BY 1
    NO MINVALUE
    NO MAXVALUE
    CACHE 1
);


--
-- Name: auth_user_id_seq; Type: SEQUENCE; Schema: public; Owner: erp
--

ALTER TABLE public.auth_user ALTER COLUMN id ADD GENERATED BY DEFAULT AS IDENTITY (
    SEQUENCE NAME public.auth_user_id_seq
    START WITH 1
    INCREMENT BY 1
    NO MINVALUE
    NO MAXVALUE
    CACHE 1
);


--
-- Name: auth_user_user_permissions; Type: TABLE; Schema: public; Owner: erp
--

CREATE TABLE public.auth_user_user_permissions (
    id bigint NOT NULL,
    user_id integer NOT NULL,
    permission_id integer NOT NULL
);


ALTER TABLE public.auth_user_user_permissions OWNER TO erp;

--
-- Name: auth_user_user_permissions_id_seq; Type: SEQUENCE; Schema: public; Owner: erp
--

ALTER TABLE public.auth_user_user_permissions ALTER COLUMN id ADD GENERATED BY DEFAULT AS IDENTITY (
    SEQUENCE NAME public.auth_user_user_permissions_id_seq
    START WITH 1
    INCREMENT BY 1
    NO MINVALUE
    NO MAXVALUE
    CACHE 1
);


--
-- Name: django_admin_log; Type: TABLE; Schema: public; Owner: erp
--

CREATE TABLE public.django_admin_log (
    id integer NOT NULL,
    action_time timestamp with time zone NOT NULL,
    object_id text,
    object_repr character varying(200) NOT NULL,
    action_flag smallint NOT NULL,
    change_message text NOT NULL,
    content_type_id integer,
    user_id integer NOT NULL,
    CONSTRAINT django_admin_log_action_flag_check CHECK ((action_flag >= 0))
);


ALTER TABLE public.django_admin_log OWNER TO erp;

--
-- Name: django_admin_log_id_seq; Type: SEQUENCE; Schema: public; Owner: erp
--

ALTER TABLE public.django_admin_log ALTER COLUMN id ADD GENERATED BY DEFAULT AS IDENTITY (
    SEQUENCE NAME public.django_admin_log_id_seq
    START WITH 1
    INCREMENT BY 1
    NO MINVALUE
    NO MAXVALUE
    CACHE 1
);


--
-- Name: django_content_type; Type: TABLE; Schema: public; Owner: erp
--

CREATE TABLE public.django_content_type (
    id integer NOT NULL,
    app_label character varying(100) NOT NULL,
    model character varying(100) NOT NULL
);


ALTER TABLE public.django_content_type OWNER TO erp;

--
-- Name: django_content_type_id_seq; Type: SEQUENCE; Schema: public; Owner: erp
--

ALTER TABLE public.django_content_type ALTER COLUMN id ADD GENERATED BY DEFAULT AS IDENTITY (
    SEQUENCE NAME public.django_content_type_id_seq
    START WITH 1
    INCREMENT BY 1
    NO MINVALUE
    NO MAXVALUE
    CACHE 1
);


--
-- Name: django_migrations; Type: TABLE; Schema: public; Owner: erp
--

CREATE TABLE public.django_migrations (
    id bigint NOT NULL,
    app character varying(255) NOT NULL,
    name character varying(255) NOT NULL,
    applied timestamp with time zone NOT NULL
);


ALTER TABLE public.django_migrations OWNER TO erp;

--
-- Name: django_migrations_id_seq; Type: SEQUENCE; Schema: public; Owner: erp
--

ALTER TABLE public.django_migrations ALTER COLUMN id ADD GENERATED BY DEFAULT AS IDENTITY (
    SEQUENCE NAME public.django_migrations_id_seq
    START WITH 1
    INCREMENT BY 1
    NO MINVALUE
    NO MAXVALUE
    CACHE 1
);


--
-- Name: django_session; Type: TABLE; Schema: public; Owner: erp
--

CREATE TABLE public.django_session (
    session_key character varying(40) NOT NULL,
    session_data text NOT NULL,
    expire_date timestamp with time zone NOT NULL
);


ALTER TABLE public.django_session OWNER TO erp;

--
-- Name: finance_invoice; Type: TABLE; Schema: public; Owner: erp
--

CREATE TABLE public.finance_invoice (
    id bigint NOT NULL,
    source_row_number integer,
    created_at timestamp with time zone NOT NULL,
    updated_at timestamp with time zone NOT NULL,
    invoice_number character varying(100) NOT NULL,
    invoice_date date NOT NULL,
    amount numeric(12,2) NOT NULL,
    remarks text NOT NULL,
    party_id bigint NOT NULL,
    source_batch_id bigint,
    CONSTRAINT finance_invoice_source_row_number_check CHECK ((source_row_number >= 0))
);


ALTER TABLE public.finance_invoice OWNER TO erp;

--
-- Name: finance_invoice_id_seq; Type: SEQUENCE; Schema: public; Owner: erp
--

ALTER TABLE public.finance_invoice ALTER COLUMN id ADD GENERATED BY DEFAULT AS IDENTITY (
    SEQUENCE NAME public.finance_invoice_id_seq
    START WITH 1
    INCREMENT BY 1
    NO MINVALUE
    NO MAXVALUE
    CACHE 1
);


--
-- Name: finance_openingbalance; Type: TABLE; Schema: public; Owner: erp
--

CREATE TABLE public.finance_openingbalance (
    id bigint NOT NULL,
    source_row_number integer,
    created_at timestamp with time zone NOT NULL,
    updated_at timestamp with time zone NOT NULL,
    effective_date date NOT NULL,
    balance_type character varying(2) NOT NULL,
    amount numeric(12,2) NOT NULL,
    remarks text NOT NULL,
    party_id bigint NOT NULL,
    source_batch_id bigint,
    CONSTRAINT finance_openingbalance_source_row_number_check CHECK ((source_row_number >= 0))
);


ALTER TABLE public.finance_openingbalance OWNER TO erp;

--
-- Name: finance_openingbalance_id_seq; Type: SEQUENCE; Schema: public; Owner: erp
--

ALTER TABLE public.finance_openingbalance ALTER COLUMN id ADD GENERATED BY DEFAULT AS IDENTITY (
    SEQUENCE NAME public.finance_openingbalance_id_seq
    START WITH 1
    INCREMENT BY 1
    NO MINVALUE
    NO MAXVALUE
    CACHE 1
);


--
-- Name: finance_payment; Type: TABLE; Schema: public; Owner: erp
--

CREATE TABLE public.finance_payment (
    id bigint NOT NULL,
    source_row_number integer,
    created_at timestamp with time zone NOT NULL,
    updated_at timestamp with time zone NOT NULL,
    payment_date date NOT NULL,
    amount numeric(12,2) NOT NULL,
    mode character varying(20) NOT NULL,
    reference_number character varying(100) NOT NULL,
    remarks text NOT NULL,
    party_id bigint NOT NULL,
    source_batch_id bigint,
    CONSTRAINT finance_payment_source_row_number_check CHECK ((source_row_number >= 0))
);


ALTER TABLE public.finance_payment OWNER TO erp;

--
-- Name: finance_payment_id_seq; Type: SEQUENCE; Schema: public; Owner: erp
--

ALTER TABLE public.finance_payment ALTER COLUMN id ADD GENERATED BY DEFAULT AS IDENTITY (
    SEQUENCE NAME public.finance_payment_id_seq
    START WITH 1
    INCREMENT BY 1
    NO MINVALUE
    NO MAXVALUE
    CACHE 1
);


--
-- Name: governance_approvalrequest; Type: TABLE; Schema: public; Owner: erp
--

CREATE TABLE public.governance_approvalrequest (
    id bigint NOT NULL,
    object_id integer,
    action_type character varying(40) NOT NULL,
    status character varying(20) NOT NULL,
    before_snapshot jsonb NOT NULL,
    after_snapshot jsonb NOT NULL,
    metadata jsonb NOT NULL,
    reason text NOT NULL,
    comments text NOT NULL,
    upload character varying(100),
    created_at timestamp with time zone NOT NULL,
    updated_at timestamp with time zone NOT NULL,
    approved_at timestamp with time zone,
    rejected_at timestamp with time zone,
    executed_at timestamp with time zone,
    execution_error text NOT NULL,
    approved_by_id integer,
    content_type_id integer,
    submitted_by_id integer,
    CONSTRAINT governance_approvalrequest_object_id_check CHECK ((object_id >= 0))
);


ALTER TABLE public.governance_approvalrequest OWNER TO erp;

--
-- Name: governance_approvalrequest_id_seq; Type: SEQUENCE; Schema: public; Owner: erp
--

ALTER TABLE public.governance_approvalrequest ALTER COLUMN id ADD GENERATED BY DEFAULT AS IDENTITY (
    SEQUENCE NAME public.governance_approvalrequest_id_seq
    START WITH 1
    INCREMENT BY 1
    NO MINVALUE
    NO MAXVALUE
    CACHE 1
);


--
-- Name: governance_auditevent; Type: TABLE; Schema: public; Owner: erp
--

CREATE TABLE public.governance_auditevent (
    id bigint NOT NULL,
    event_type character varying(80) NOT NULL,
    object_id integer,
    object_repr character varying(255) NOT NULL,
    before_snapshot jsonb NOT NULL,
    after_snapshot jsonb NOT NULL,
    metadata jsonb NOT NULL,
    occurred_at timestamp with time zone NOT NULL,
    actor_id integer,
    approval_request_id bigint,
    content_type_id integer,
    migration_batch_id bigint,
    CONSTRAINT governance_auditevent_object_id_check CHECK ((object_id >= 0))
);


ALTER TABLE public.governance_auditevent OWNER TO erp;

--
-- Name: governance_auditevent_id_seq; Type: SEQUENCE; Schema: public; Owner: erp
--

ALTER TABLE public.governance_auditevent ALTER COLUMN id ADD GENERATED BY DEFAULT AS IDENTITY (
    SEQUENCE NAME public.governance_auditevent_id_seq
    START WITH 1
    INCREMENT BY 1
    NO MINVALUE
    NO MAXVALUE
    CACHE 1
);


--
-- Name: governance_backupsnapshot; Type: TABLE; Schema: public; Owner: erp
--

CREATE TABLE public.governance_backupsnapshot (
    id bigint NOT NULL,
    backup_type character varying(20) NOT NULL,
    file_path character varying(500) NOT NULL,
    file_size bigint NOT NULL,
    status character varying(20) NOT NULL,
    created_at timestamp with time zone NOT NULL,
    restored_at timestamp with time zone,
    notes text NOT NULL,
    created_by_id integer
);


ALTER TABLE public.governance_backupsnapshot OWNER TO erp;

--
-- Name: governance_backupsnapshot_id_seq; Type: SEQUENCE; Schema: public; Owner: erp
--

ALTER TABLE public.governance_backupsnapshot ALTER COLUMN id ADD GENERATED BY DEFAULT AS IDENTITY (
    SEQUENCE NAME public.governance_backupsnapshot_id_seq
    START WITH 1
    INCREMENT BY 1
    NO MINVALUE
    NO MAXVALUE
    CACHE 1
);


--
-- Name: masters_party; Type: TABLE; Schema: public; Owner: erp
--

CREATE TABLE public.masters_party (
    id bigint NOT NULL,
    name character varying(255) NOT NULL,
    contact_person character varying(255) NOT NULL,
    phone character varying(50) NOT NULL,
    gst_number character varying(50) NOT NULL,
    address text NOT NULL,
    is_active boolean NOT NULL,
    source_row_number integer,
    created_at timestamp with time zone NOT NULL,
    updated_at timestamp with time zone NOT NULL,
    source_batch_id bigint,
    CONSTRAINT masters_party_source_row_number_check CHECK ((source_row_number >= 0))
);


ALTER TABLE public.masters_party OWNER TO erp;

--
-- Name: masters_party_id_seq; Type: SEQUENCE; Schema: public; Owner: erp
--

ALTER TABLE public.masters_party ALTER COLUMN id ADD GENERATED BY DEFAULT AS IDENTITY (
    SEQUENCE NAME public.masters_party_id_seq
    START WITH 1
    INCREMENT BY 1
    NO MINVALUE
    NO MAXVALUE
    CACHE 1
);


--
-- Name: migration_app_migrationbatch; Type: TABLE; Schema: public; Owner: erp
--

CREATE TABLE public.migration_app_migrationbatch (
    id bigint NOT NULL,
    source_file_name character varying(255) NOT NULL,
    upload character varying(100) NOT NULL,
    uploaded_at timestamp with time zone NOT NULL,
    imported_at timestamp with time zone,
    status character varying(20) NOT NULL,
    import_type character varying(30) NOT NULL,
    file_type character varying(10) NOT NULL,
    row_count integer NOT NULL,
    success_count integer NOT NULL,
    error_count integer NOT NULL,
    triggered_by_id integer,
    rollback_notes text NOT NULL,
    rolled_back_at timestamp with time zone,
    rolled_back_by_id integer,
    CONSTRAINT migration_app_migrationbatch_error_count_check CHECK ((error_count >= 0)),
    CONSTRAINT migration_app_migrationbatch_row_count_check CHECK ((row_count >= 0)),
    CONSTRAINT migration_app_migrationbatch_success_count_check CHECK ((success_count >= 0))
);


ALTER TABLE public.migration_app_migrationbatch OWNER TO erp;

--
-- Name: migration_app_migrationbatch_id_seq; Type: SEQUENCE; Schema: public; Owner: erp
--

ALTER TABLE public.migration_app_migrationbatch ALTER COLUMN id ADD GENERATED BY DEFAULT AS IDENTITY (
    SEQUENCE NAME public.migration_app_migrationbatch_id_seq
    START WITH 1
    INCREMENT BY 1
    NO MINVALUE
    NO MAXVALUE
    CACHE 1
);


--
-- Name: migration_app_migrationmappingprofile; Type: TABLE; Schema: public; Owner: erp
--

CREATE TABLE public.migration_app_migrationmappingprofile (
    id bigint NOT NULL,
    import_type character varying(30) NOT NULL,
    name character varying(100) NOT NULL,
    column_mapping_config jsonb NOT NULL,
    is_default boolean NOT NULL
);


ALTER TABLE public.migration_app_migrationmappingprofile OWNER TO erp;

--
-- Name: migration_app_migrationmappingprofile_id_seq; Type: SEQUENCE; Schema: public; Owner: erp
--

ALTER TABLE public.migration_app_migrationmappingprofile ALTER COLUMN id ADD GENERATED BY DEFAULT AS IDENTITY (
    SEQUENCE NAME public.migration_app_migrationmappingprofile_id_seq
    START WITH 1
    INCREMENT BY 1
    NO MINVALUE
    NO MAXVALUE
    CACHE 1
);


--
-- Name: migration_app_migrationrowerror; Type: TABLE; Schema: public; Owner: erp
--

CREATE TABLE public.migration_app_migrationrowerror (
    id bigint NOT NULL,
    row_number integer NOT NULL,
    sheet_name character varying(100) NOT NULL,
    raw_payload jsonb NOT NULL,
    error_message text NOT NULL,
    batch_id bigint NOT NULL,
    CONSTRAINT migration_app_migrationrowerror_row_number_check CHECK ((row_number >= 0))
);


ALTER TABLE public.migration_app_migrationrowerror OWNER TO erp;

--
-- Name: migration_app_migrationrowerror_id_seq; Type: SEQUENCE; Schema: public; Owner: erp
--

ALTER TABLE public.migration_app_migrationrowerror ALTER COLUMN id ADD GENERATED BY DEFAULT AS IDENTITY (
    SEQUENCE NAME public.migration_app_migrationrowerror_id_seq
    START WITH 1
    INCREMENT BY 1
    NO MINVALUE
    NO MAXVALUE
    CACHE 1
);


--
-- Name: production_challan; Type: TABLE; Schema: public; Owner: erp
--

CREATE TABLE public.production_challan (
    id bigint NOT NULL,
    challan_number character varying(100) NOT NULL,
    challan_date date NOT NULL,
    job_description character varying(255) NOT NULL,
    job_type character varying(100) NOT NULL,
    direction character varying(3) NOT NULL,
    weight_kg numeric(12,2) NOT NULL,
    amount numeric(12,2) NOT NULL,
    remarks text NOT NULL,
    source_row_number integer,
    created_at timestamp with time zone NOT NULL,
    updated_at timestamp with time zone NOT NULL,
    party_id bigint NOT NULL,
    source_batch_id bigint,
    CONSTRAINT production_challan_source_row_number_check CHECK ((source_row_number >= 0))
);


ALTER TABLE public.production_challan OWNER TO erp;

--
-- Name: production_challan_id_seq; Type: SEQUENCE; Schema: public; Owner: erp
--

ALTER TABLE public.production_challan ALTER COLUMN id ADD GENERATED BY DEFAULT AS IDENTITY (
    SEQUENCE NAME public.production_challan_id_seq
    START WITH 1
    INCREMENT BY 1
    NO MINVALUE
    NO MAXVALUE
    CACHE 1
);


--
-- Data for Name: auth_group; Type: TABLE DATA; Schema: public; Owner: erp
--

COPY public.auth_group (id, name) FROM stdin;
1	OwnerAdmin
2	Accountant
3	Operator
4	Viewer
\.


--
-- Data for Name: auth_group_permissions; Type: TABLE DATA; Schema: public; Owner: erp
--

COPY public.auth_group_permissions (id, group_id, permission_id) FROM stdin;
1	1	1
2	1	2
3	1	3
4	1	4
5	1	5
6	1	6
7	1	7
8	1	8
9	1	9
10	1	10
11	1	11
12	1	12
13	1	13
14	1	14
15	1	15
16	1	16
17	1	17
18	1	18
19	1	19
20	1	20
21	1	21
22	1	22
23	1	23
24	1	24
25	1	25
26	1	26
27	1	27
28	1	28
29	1	29
30	1	30
31	1	31
32	1	32
33	1	33
34	1	34
35	1	35
36	1	36
37	1	37
38	1	38
39	1	39
40	1	40
41	1	41
42	1	42
43	1	43
44	1	44
45	1	45
46	1	46
47	1	47
48	1	48
49	1	49
50	1	50
51	1	51
52	1	52
53	1	53
54	1	54
55	1	55
56	1	56
57	2	33
58	2	34
59	2	35
60	2	36
61	2	37
62	2	38
63	2	39
64	2	40
65	2	41
66	2	42
67	2	43
68	2	44
69	2	48
70	2	52
71	3	32
72	3	36
73	3	40
74	3	44
75	3	48
76	3	52
77	3	25
78	3	26
79	3	28
80	3	29
81	3	30
82	4	32
83	4	36
84	4	40
85	4	44
86	4	48
87	4	52
88	4	28
\.


--
-- Data for Name: auth_permission; Type: TABLE DATA; Schema: public; Owner: erp
--

COPY public.auth_permission (id, name, content_type_id, codename) FROM stdin;
1	Can add log entry	1	add_logentry
2	Can change log entry	1	change_logentry
3	Can delete log entry	1	delete_logentry
4	Can view log entry	1	view_logentry
5	Can add permission	2	add_permission
6	Can change permission	2	change_permission
7	Can delete permission	2	delete_permission
8	Can view permission	2	view_permission
9	Can add group	3	add_group
10	Can change group	3	change_group
11	Can delete group	3	delete_group
12	Can view group	3	view_group
13	Can add user	4	add_user
14	Can change user	4	change_user
15	Can delete user	4	delete_user
16	Can view user	4	view_user
17	Can add content type	5	add_contenttype
18	Can change content type	5	change_contenttype
19	Can delete content type	5	delete_contenttype
20	Can view content type	5	view_contenttype
21	Can add session	6	add_session
22	Can change session	6	change_session
23	Can delete session	6	delete_session
24	Can view session	6	view_session
25	Can add party	7	add_party
26	Can change party	7	change_party
27	Can delete party	7	delete_party
28	Can view party	7	view_party
29	Can add challan	8	add_challan
30	Can change challan	8	change_challan
31	Can delete challan	8	delete_challan
32	Can view challan	8	view_challan
33	Can add payment	9	add_payment
34	Can change payment	9	change_payment
35	Can delete payment	9	delete_payment
36	Can view payment	9	view_payment
37	Can add opening balance	10	add_openingbalance
38	Can change opening balance	10	change_openingbalance
39	Can delete opening balance	10	delete_openingbalance
40	Can view opening balance	10	view_openingbalance
41	Can add invoice	11	add_invoice
42	Can change invoice	11	change_invoice
43	Can delete invoice	11	delete_invoice
44	Can view invoice	11	view_invoice
45	Can add migration batch	12	add_migrationbatch
46	Can change migration batch	12	change_migrationbatch
47	Can delete migration batch	12	delete_migrationbatch
48	Can view migration batch	12	view_migrationbatch
49	Can add migration row error	13	add_migrationrowerror
50	Can change migration row error	13	change_migrationrowerror
51	Can delete migration row error	13	delete_migrationrowerror
52	Can view migration row error	13	view_migrationrowerror
53	Can add migration mapping profile	14	add_migrationmappingprofile
54	Can change migration mapping profile	14	change_migrationmappingprofile
55	Can delete migration mapping profile	14	delete_migrationmappingprofile
56	Can view migration mapping profile	14	view_migrationmappingprofile
57	Can add approval request	15	add_approvalrequest
58	Can change approval request	15	change_approvalrequest
59	Can delete approval request	15	delete_approvalrequest
60	Can view approval request	15	view_approvalrequest
61	Can approve finance change requests	15	approve_finance_change
62	Can approve import commits	15	approve_import_commit
63	Can roll back imported batches	15	rollback_import_batch
64	Can add backup snapshot	16	add_backupsnapshot
65	Can change backup snapshot	16	change_backupsnapshot
66	Can delete backup snapshot	16	delete_backupsnapshot
67	Can view backup snapshot	16	view_backupsnapshot
68	Can create database backups	16	create_db_backup
69	Can restore database backups	16	restore_db_backup
70	Can add audit event	17	add_auditevent
71	Can change audit event	17	change_auditevent
72	Can delete audit event	17	delete_auditevent
73	Can view audit event	17	view_auditevent
74	Can view audit log	17	view_audit_log
\.


--
-- Data for Name: auth_user; Type: TABLE DATA; Schema: public; Owner: erp
--

COPY public.auth_user (id, password, last_login, is_superuser, username, first_name, last_name, email, is_staff, is_active, date_joined) FROM stdin;
1	pbkdf2_sha256$600000$q5BvHgXoJxEvG4txrG2cll$y+BjnGkrQSvJY2SNZmOkhMwCigwCuMaRigsA/nhaMXA=	2026-04-19 08:37:36.954373+00	t	sainienterprise			sainienterprise.sahnewal@gmail.com	t	t	2026-04-19 08:37:12.613324+00
\.


--
-- Data for Name: auth_user_groups; Type: TABLE DATA; Schema: public; Owner: erp
--

COPY public.auth_user_groups (id, user_id, group_id) FROM stdin;
\.


--
-- Data for Name: auth_user_user_permissions; Type: TABLE DATA; Schema: public; Owner: erp
--

COPY public.auth_user_user_permissions (id, user_id, permission_id) FROM stdin;
\.


--
-- Data for Name: django_admin_log; Type: TABLE DATA; Schema: public; Owner: erp
--

COPY public.django_admin_log (id, action_time, object_id, object_repr, action_flag, change_message, content_type_id, user_id) FROM stdin;
\.


--
-- Data for Name: django_content_type; Type: TABLE DATA; Schema: public; Owner: erp
--

COPY public.django_content_type (id, app_label, model) FROM stdin;
1	admin	logentry
2	auth	permission
3	auth	group
4	auth	user
5	contenttypes	contenttype
6	sessions	session
7	masters	party
8	production	challan
9	finance	payment
10	finance	openingbalance
11	finance	invoice
12	migration_app	migrationbatch
13	migration_app	migrationrowerror
14	migration_app	migrationmappingprofile
15	governance	approvalrequest
16	governance	backupsnapshot
17	governance	auditevent
\.


--
-- Data for Name: django_migrations; Type: TABLE DATA; Schema: public; Owner: erp
--

COPY public.django_migrations (id, app, name, applied) FROM stdin;
1	contenttypes	0001_initial	2026-04-19 08:35:13.765339+00
2	auth	0001_initial	2026-04-19 08:35:13.8109+00
3	admin	0001_initial	2026-04-19 08:35:13.823202+00
4	admin	0002_logentry_remove_auto_add	2026-04-19 08:35:13.826594+00
5	admin	0003_logentry_add_action_flag_choices	2026-04-19 08:35:13.829914+00
6	contenttypes	0002_remove_content_type_name	2026-04-19 08:35:13.835932+00
7	auth	0002_alter_permission_name_max_length	2026-04-19 08:35:13.839369+00
8	auth	0003_alter_user_email_max_length	2026-04-19 08:35:13.842904+00
9	auth	0004_alter_user_username_opts	2026-04-19 08:35:13.845864+00
10	auth	0005_alter_user_last_login_null	2026-04-19 08:35:13.849299+00
11	auth	0006_require_contenttypes_0002	2026-04-19 08:35:13.851423+00
12	auth	0007_alter_validators_add_error_messages	2026-04-19 08:35:13.855351+00
13	auth	0008_alter_user_username_max_length	2026-04-19 08:35:13.860968+00
14	auth	0009_alter_user_last_name_max_length	2026-04-19 08:35:13.864601+00
15	auth	0010_alter_group_name_max_length	2026-04-19 08:35:13.869607+00
16	auth	0011_update_proxy_permissions	2026-04-19 08:35:13.872644+00
17	auth	0012_alter_user_first_name_max_length	2026-04-19 08:35:13.876679+00
18	migration_app	0001_initial	2026-04-19 08:35:13.901026+00
19	masters	0001_initial	2026-04-19 08:35:13.914068+00
20	finance	0001_initial	2026-04-19 08:35:13.959594+00
21	production	0001_initial	2026-04-19 08:35:13.97696+00
22	sessions	0001_initial	2026-04-19 08:35:13.984627+00
23	migration_app	0002_alter_migrationbatch_import_type_and_more	2026-04-19 08:57:50.86484+00
24	migration_app	0003_migrationbatch_rollback_notes_and_more	2026-04-19 18:33:47.361028+00
25	governance	0001_initial	2026-04-19 18:33:47.421777+00
\.


--
-- Data for Name: django_session; Type: TABLE DATA; Schema: public; Owner: erp
--

COPY public.django_session (session_key, session_data, expire_date) FROM stdin;
o3adcaknfi15jcp8beg2bw3dij22galf	.eJxVjEEOwiAQRe_C2hAKQxGX7nsGMjMMUjVtUtqV8e7apAvd_vfef6mE21rT1mRJY1YX1anT70bID5l2kO843WbN87QuI-ld0QdtepizPK-H-3dQsdVvHciTCSZ7cYbPUHooRmLoQvaABaIvPTFzsGARMzBEa8iRRCFw1kX1_gDlcDgA:1wENeq:vnHl4L61F6pPqnozIFOubU1Ag9-dvCEAomiA2K2OUS8	2026-05-03 08:37:36.959148+00
\.


--
-- Data for Name: finance_invoice; Type: TABLE DATA; Schema: public; Owner: erp
--

COPY public.finance_invoice (id, source_row_number, created_at, updated_at, invoice_number, invoice_date, amount, remarks, party_id, source_batch_id) FROM stdin;
63	3	2026-04-19 09:00:45.443122+00	2026-04-19 09:00:45.443125+00	TI/00104	2025-08-07	1008.00	TO BILL NO. TI/00104	43	3
64	4	2026-04-19 09:00:45.443835+00	2026-04-19 09:00:45.443838+00	TI/00022	2026-03-18	18230.00	TO BILL NO. TI/00022	43	3
65	5	2026-04-19 09:00:45.444374+00	2026-04-19 09:00:45.444377+00	TI/00027	2026-03-21	21298.00	TO BILL NO. TI/00027	43	3
66	6	2026-04-19 09:00:45.444891+00	2026-04-19 09:00:45.444894+00	TI/00038	2026-03-25	17351.00	TO BILL NO. TI/00038	43	3
67	7	2026-04-19 09:00:45.445715+00	2026-04-19 09:00:45.44572+00	TI/00050	2026-03-30	13219.00	TO BILL NO. TI/00050	43	3
68	10	2026-04-19 09:00:45.447878+00	2026-04-19 09:00:45.447881+00	TI/00039	2025-05-21	15662.00	TO BILL NO. TI/00039	44	3
69	13	2026-04-19 09:00:45.449627+00	2026-04-19 09:00:45.44963+00	TI/00133	2025-09-04	33324.00	TO BILL NO. TI/00133	44	3
70	16	2026-04-19 09:00:45.451183+00	2026-04-19 09:00:45.451185+00	TI/00159	2025-10-11	23092.00	TO BILL NO. TI/00159	44	3
71	18	2026-04-19 09:00:45.452214+00	2026-04-19 09:00:45.452216+00	TI/00213	2025-12-19	26063.00	TO BILL NO. TI/00213	44	3
72	20	2026-04-19 09:00:45.45325+00	2026-04-19 09:00:45.453253+00	TI/00257	2026-02-18	18788.00	TO BILL NO. TI/00257	44	3
73	22	2026-04-19 09:00:45.454273+00	2026-04-19 09:00:45.454275+00	TI/00290	2026-03-22	24999.00	TO BILL NO. TI/00290	44	3
74	24	2026-04-19 09:00:45.454789+00	2026-04-19 09:00:45.454791+00	TI/00242	2026-01-03	10134.00	TO BILL NO. TI/00242	45	3
75	25	2026-04-19 09:00:45.455403+00	2026-04-19 09:00:45.45541+00	TI/00244	2026-01-03	11097.00	TO BILL NO. TI/00244	45	3
76	26	2026-04-19 09:00:45.456407+00	2026-04-19 09:00:45.45641+00	TI/00232	2026-01-21	24161.00	TO BILL NO. TI/00232	45	3
77	27	2026-04-19 09:00:45.457085+00	2026-04-19 09:00:45.457093+00	TI/00238	2026-01-27	4130.00	TO BILL NO. TI/00238	45	3
78	28	2026-04-19 09:00:45.457841+00	2026-04-19 09:00:45.457844+00	TI/00241	2026-01-29	346.00	TO BILL NO. TI/00241	45	3
79	29	2026-04-19 09:00:45.45838+00	2026-04-19 09:00:45.458383+00	TI/00247	2026-01-31	8449.00	TO BILL NO. TI/00247	45	3
80	30	2026-04-19 09:00:45.458891+00	2026-04-19 09:00:45.458893+00	TI/00249	2026-02-02	22463.00	TO BILL NO. TI/00249	45	3
81	31	2026-04-19 09:00:45.459401+00	2026-04-19 09:00:45.459403+00	TI/00250	2026-02-02	11109.00	TO BILL NO. TI/00250	45	3
82	32	2026-04-19 09:00:45.459919+00	2026-04-19 09:00:45.459921+00	TI/00251	2026-02-03	6950.00	TO BILL NO. TI/00251	45	3
83	33	2026-04-19 09:00:45.460472+00	2026-04-19 09:00:45.460475+00	TI/00001	2026-02-28	3716.00	TO BILL NO. TI/00001	45	3
84	34	2026-04-19 09:00:45.460999+00	2026-04-19 09:00:45.461001+00	TI/00289	2026-03-22	10620.00	TO BILL NO. TI/00289	45	3
85	35	2026-04-19 09:00:45.46152+00	2026-04-19 09:00:45.461522+00	TI/00291	2026-03-23	6904.00	TO BILL NO. TI/00291	45	3
86	36	2026-04-19 09:00:45.462077+00	2026-04-19 09:00:45.46208+00	TI/00033	2026-03-24	9589.00	TO BILL NO. TI/00033	45	3
87	37	2026-04-19 09:00:45.462601+00	2026-04-19 09:00:45.462603+00	TI/00292	2026-03-26	17374.00	TO BILL NO. TI/00292	45	3
88	38	2026-04-19 09:00:45.463117+00	2026-04-19 09:00:45.463119+00	TI/00041	2026-03-26	26550.00	TO BILL NO. TI/00041	45	3
89	40	2026-04-19 09:00:45.464169+00	2026-04-19 09:00:45.464171+00	TI/00053	2026-03-31	17594.00	TO BILL NO. TI/00053	45	3
90	43	2026-04-19 09:00:45.465808+00	2026-04-19 09:00:45.465811+00	TI/00028	2025-05-13	19040.00	TO BILL NO. TI/00028	46	3
91	44	2026-04-19 09:00:45.466357+00	2026-04-19 09:00:45.46636+00	TI/00032	2025-05-15	17714.00	TO BILL NO. TI/00032	46	3
92	45	2026-04-19 09:00:45.466901+00	2026-04-19 09:00:45.466904+00	TI/00033	2025-05-16	22400.00	TO BILL NO. TI/00033	46	3
93	46	2026-04-19 09:00:45.467428+00	2026-04-19 09:00:45.46743+00	TI/00038	2025-05-21	24640.00	TO BILL NO. TI/00038	46	3
94	47	2026-04-19 09:00:45.467959+00	2026-04-19 09:00:45.467961+00	TI/00041	2025-05-23	22400.00	TO BILL NO. TI/00041	46	3
95	48	2026-04-19 09:00:45.468482+00	2026-04-19 09:00:45.468484+00	TI/00042	2025-05-24	16522.00	TO BILL NO. TI/00042	46	3
96	49	2026-04-19 09:00:45.468998+00	2026-04-19 09:00:45.469001+00	TI/00047	2025-05-30	20160.00	TO BILL NO. TI/00047	46	3
97	50	2026-04-19 09:00:45.469522+00	2026-04-19 09:00:45.469524+00	TI/00048	2025-05-31	18964.00	TO BILL NO. TI/00048	46	3
98	51	2026-04-19 09:00:45.470031+00	2026-04-19 09:00:45.470033+00	TI/00052	2025-06-03	7862.00	TO BILL NO. TI/00052	46	3
99	52	2026-04-19 09:00:45.470552+00	2026-04-19 09:00:45.470554+00	TI/00099	2025-08-02	22400.00	TO BILL NO. TI/00099	46	3
100	53	2026-04-19 09:00:45.471071+00	2026-04-19 09:00:45.471074+00	TI/00130	2025-09-04	11928.00	TO BILL NO. TI/00130	46	3
101	54	2026-04-19 09:00:45.471599+00	2026-04-19 09:00:45.471602+00	TI/00136	2025-09-08	14586.00	TO BILL NO. TI/00136	46	3
102	55	2026-04-19 09:00:45.472109+00	2026-04-19 09:00:45.472112+00	TI/00140	2025-09-11	20302.00	TO BILL NO. TI/00140	46	3
103	57	2026-04-19 09:00:45.473146+00	2026-04-19 09:00:45.473149+00	TI/00168	2025-10-27	19446.00	TO BILL NO. TI/00168	46	3
104	58	2026-04-19 09:00:45.473669+00	2026-04-19 09:00:45.473672+00	TI/00171	2025-11-01	24072.00	TO BILL NO. TI/00171	46	3
105	59	2026-04-19 09:00:45.474235+00	2026-04-19 09:00:45.474237+00	TI/00174	2025-11-04	22488.00	TO BILL NO. TI/00174	46	3
106	60	2026-04-19 09:00:45.474766+00	2026-04-19 09:00:45.474768+00	TI/00178	2025-11-08	11586.00	TO BILL NO. TI/00178	46	3
107	61	2026-04-19 09:00:45.4753+00	2026-04-19 09:00:45.475303+00	TI/00183	2025-11-14	4312.00	TO BILL NO. TI/00183	46	3
108	62	2026-04-19 09:00:45.476434+00	2026-04-19 09:00:45.47644+00	TI/00190	2025-11-22	1862.00	TO BILL NO. TI/00190	46	3
109	64	2026-04-19 09:00:45.477643+00	2026-04-19 09:00:45.477646+00	TI/00236	2026-01-27	13028.00	TO BILL NO. TI/00236	46	3
110	66	2026-04-19 09:00:45.478724+00	2026-04-19 09:00:45.478726+00	TI/00013	2026-03-13	22567.00	TO BILL NO. TI/00013	46	3
111	67	2026-04-19 09:00:45.479251+00	2026-04-19 09:00:45.479254+00	TI/00017	2026-03-16	22567.00	TO BILL NO. TI/00017	46	3
112	68	2026-04-19 09:00:45.479778+00	2026-04-19 09:00:45.479781+00	TI/00020	2026-03-17	14991.00	TO BILL NO. TI/00020	46	3
113	69	2026-04-19 09:00:45.480299+00	2026-04-19 09:00:45.480301+00	TI/00024	2026-03-20	25444.00	TO BILL NO. TI/00024	46	3
114	70	2026-04-19 09:00:45.480814+00	2026-04-19 09:00:45.480817+00	TI/00026	2026-03-21	34381.00	TO BILL NO. TI/00026	46	3
115	71	2026-04-19 09:00:45.481347+00	2026-04-19 09:00:45.481349+00	TI/00036	2026-03-25	21001.00	TO BILL NO. TI/00036	46	3
116	72	2026-04-19 09:00:45.482+00	2026-04-19 09:00:45.482038+00	TI/00037	2026-03-25	17700.00	TO BILL NO. TI/00037	46	3
117	73	2026-04-19 09:00:45.482706+00	2026-04-19 09:00:45.482709+00	TI/00044	2026-03-28	16963.00	TO BILL NO. TI/00044	46	3
118	74	2026-04-19 09:00:45.48322+00	2026-04-19 09:00:45.483222+00	TI/00047__2026-03-28	2026-03-28	27487.00	TO BILL NO. TI/00047	46	3
119	75	2026-04-19 09:00:45.483735+00	2026-04-19 09:00:45.483738+00	TI/00058	2026-03-31	6203.00	TO BILL NO. TI/00058	46	3
120	77	2026-04-19 09:00:45.48424+00	2026-04-19 09:00:45.484243+00	TI/00010	2026-03-12	6774.00	TO BILL NO. TI/00010	47	3
121	78	2026-04-19 09:00:45.48475+00	2026-04-19 09:00:45.484752+00	TI/00014	2026-03-13	6088.00	TO BILL NO. TI/00014	47	3
122	79	2026-04-19 09:00:45.485261+00	2026-04-19 09:00:45.485263+00	TI/00029	2026-03-21	6476.00	TO BILL NO. TI/00029	47	3
123	81	2026-04-19 09:00:45.486228+00	2026-04-19 09:00:45.48625+00	TI/00030	2026-03-21	39566.00	TO BILL NO. TI/00030	51	3
124	82	2026-04-19 09:00:45.486849+00	2026-04-19 09:00:45.486852+00	TI/00031	2026-03-23	48929.00	TO BILL NO. TI/00031	51	3
125	84	2026-04-19 09:00:45.487956+00	2026-04-19 09:00:45.487959+00	TI/00034	2026-03-24	21127.00	TO BILL NO. TI/00034	51	3
126	85	2026-04-19 09:00:45.488491+00	2026-04-19 09:00:45.488493+00	TI/00035	2026-03-24	60110.00	TO BILL NO. TI/00035	51	3
127	86	2026-04-19 09:00:45.489006+00	2026-04-19 09:00:45.489009+00	TI/00040	2026-03-26	17994.00	TO BILL NO. TI/00040	51	3
128	88	2026-04-19 09:00:45.490073+00	2026-04-19 09:00:45.490076+00	TI/00048	2026-03-30	15340.00	TO BILL NO. TI/00048	51	3
129	89	2026-04-19 09:00:45.491045+00	2026-04-19 09:00:45.491049+00	14	2026-04-07	17606.00	BILL NO. 14	51	3
130	90	2026-04-19 09:00:45.491627+00	2026-04-19 09:00:45.49163+00	22	2026-04-10	34557.00	BILL NO. 22	51	3
131	94	2026-04-19 09:00:45.493317+00	2026-04-19 09:00:45.493319+00	TI/00283	2026-03-16	9192.00	TO BILL NO. TI/00283	52	3
132	95	2026-04-19 09:00:45.493855+00	2026-04-19 09:00:45.493858+00	TI/00286	2026-03-17	10763.00	TO BILL NO. TI/00286	52	3
133	96	2026-04-19 09:00:45.494396+00	2026-04-19 09:00:45.494398+00	TI/00288	2026-03-21	15000.00	TO BILL NO. TI/00288	52	3
134	98	2026-04-19 09:00:45.495655+00	2026-04-19 09:00:45.495661+00	TI/00293	2026-03-26	13216.00	TO BILL NO. TI/00293	52	3
135	99	2026-04-19 09:00:45.49649+00	2026-04-19 09:00:45.496493+00	TI/00294	2026-03-26	8496.00	TO BILL NO. TI/00294	52	3
136	100	2026-04-19 09:00:45.497034+00	2026-04-19 09:00:45.497037+00	TI/00295	2026-03-28	8180.00	TO BILL NO. TI/00295	52	3
137	101	2026-04-19 09:00:45.497767+00	2026-04-19 09:00:45.497771+00	TI/00296	2026-03-30	8978.00	TO BILL NO. TI/00296	52	3
138	103	2026-04-19 09:00:45.498511+00	2026-04-19 09:00:45.498514+00	1	2026-04-02	11328.00	BILL NO. 1	52	3
139	104	2026-04-19 09:00:45.499474+00	2026-04-19 09:00:45.499478+00	3	2026-04-03	9440.00	BILL NO. 3	52	3
140	105	2026-04-19 09:00:45.500455+00	2026-04-19 09:00:45.500463+00	5	2026-04-04	4720.00	BILL NO. 5	52	3
141	106	2026-04-19 09:00:45.501485+00	2026-04-19 09:00:45.501488+00	6	2026-04-04	4720.00	BILL NO. 6	52	3
142	107	2026-04-19 09:00:45.503519+00	2026-04-19 09:00:45.503542+00	8	2026-04-10	14160.00	BILL NO. 8	52	3
143	110	2026-04-19 09:00:45.505094+00	2026-04-19 09:00:45.505097+00	TI/00260	2026-02-19	26489.00	TO BILL NO. TI/00260	53	3
144	111	2026-04-19 09:00:45.505988+00	2026-04-19 09:00:45.505994+00	TI/00261	2026-02-20	11853.00	TO BILL NO. TI/00261	53	3
145	112	2026-04-19 09:00:45.506646+00	2026-04-19 09:00:45.506649+00	TI/00262	2026-02-21	23897.00	TO BILL NO. TI/00262	53	3
146	113	2026-04-19 09:00:45.507393+00	2026-04-19 09:00:45.507396+00	TI/00263	2026-02-23	15710.00	TO BILL NO. TI/00263	53	3
147	114	2026-04-19 09:00:45.50798+00	2026-04-19 09:00:45.507983+00	TI/00266	2026-02-24	23888.00	TO BILL NO. TI/00266	53	3
148	115	2026-04-19 09:00:45.508507+00	2026-04-19 09:00:45.50851+00	TI/00268	2026-02-25	28100.00	TO BILL NO. TI/00268	53	3
149	116	2026-04-19 09:00:45.509075+00	2026-04-19 09:00:45.509077+00	TI/00272	2026-02-27	23615.00	TO BILL NO. TI/00272	53	3
150	117	2026-04-19 09:00:45.509674+00	2026-04-19 09:00:45.509677+00	TI/00003	2026-03-02	32471.00	TO BILL NO. TI/00003	53	3
151	120	2026-04-19 09:00:45.510736+00	2026-04-19 09:00:45.510739+00	TI/00010	2025-04-15	6221.00	TO BILL NO. TI/00010	54	3
152	122	2026-04-19 09:00:45.511847+00	2026-04-19 09:00:45.511849+00	TI/00012	2025-04-19	10404.00	TO BILL NO. TI/00012	54	3
153	124	2026-04-19 09:00:45.512902+00	2026-04-19 09:00:45.512905+00	TI/00015	2025-04-23	3092.00	TO BILL NO. TI/00015	54	3
154	125	2026-04-19 09:00:45.513462+00	2026-04-19 09:00:45.513465+00	TI/00018	2025-04-28	3786.00	TO BILL NO. TI/00018	54	3
155	126	2026-04-19 09:00:45.514017+00	2026-04-19 09:00:45.51402+00	TI/00022	2025-05-07	7076.00	TO BILL NO. TI/00022	54	3
156	127	2026-04-19 09:00:45.514564+00	2026-04-19 09:00:45.514567+00	TI/00023	2025-05-09	5230.00	TO BILL NO. TI/00023	54	3
157	130	2026-04-19 09:00:45.516179+00	2026-04-19 09:00:45.516182+00	TI/00030	2025-05-15	6362.00	TO BILL NO. TI/00030	54	3
158	133	2026-04-19 09:00:45.517672+00	2026-04-19 09:00:45.517674+00	TI/00044	2025-05-26	5612.00	TO BILL NO. TI/00044	54	3
159	134	2026-04-19 09:00:45.51816+00	2026-04-19 09:00:45.518162+00	TI/00067	2025-06-24	5746.00	TO BILL NO. TI/00067	54	3
160	137	2026-04-19 09:00:45.519641+00	2026-04-19 09:00:45.519643+00	TI/00075	2025-07-04	17382.00	TO BILL NO. TI/00075	54	3
161	140	2026-04-19 09:00:45.521218+00	2026-04-19 09:00:45.521221+00	TI/00102	2025-08-06	6742.00	TO BILL NO. TI/00102	54	3
162	142	2026-04-19 09:00:45.522237+00	2026-04-19 09:00:45.52224+00	TI/00160	2025-10-13	15624.00	TO BILL NO. TI/00160	54	3
163	143	2026-04-19 09:00:45.522753+00	2026-04-19 09:00:45.522756+00	TI/00169	2025-10-30	4554.00	TO BILL NO. TI/00169	54	3
164	145	2026-04-19 09:00:45.523778+00	2026-04-19 09:00:45.52378+00	TI/00204	2025-12-10	7044.00	TO BILL NO. TI/00204	54	3
165	148	2026-04-19 09:00:45.525372+00	2026-04-19 09:00:45.525375+00	TI/00216	2025-12-25	14798.00	TO BILL NO. TI/00216	54	3
166	150	2026-04-19 09:00:45.527245+00	2026-04-19 09:00:45.52725+00	TI/00252	2026-02-09	6938.00	TO BILL NO. TI/00252	54	3
167	152	2026-04-19 09:00:45.528653+00	2026-04-19 09:00:45.528658+00	TI/00265	2026-02-24	4318.00	TO BILL NO. TI/00265	54	3
168	153	2026-04-19 09:00:45.529341+00	2026-04-19 09:00:45.529344+00	TI/00278	2026-03-07	10890.00	TO BILL NO. TI/00278	54	3
169	156	2026-04-19 09:00:45.530452+00	2026-04-19 09:00:45.530455+00	TI/00011	2025-04-15	8580.00	TO BILL NO. TI/00011	55	3
170	157	2026-04-19 09:00:45.531003+00	2026-04-19 09:00:45.531006+00	TI/00020	2025-05-03	6518.00	TO BILL NO. TI/00020	55	3
171	158	2026-04-19 09:00:45.531587+00	2026-04-19 09:00:45.53159+00	TI/00024	2025-05-09	6148.00	TO BILL NO. TI/00024	55	3
172	159	2026-04-19 09:00:45.532431+00	2026-04-19 09:00:45.532436+00	TI/00040	2025-05-21	4424.00	TO BILL NO. TI/00040	55	3
173	160	2026-04-19 09:00:45.533134+00	2026-04-19 09:00:45.533137+00	TI/00043	2025-05-26	9576.00	TO BILL NO. TI/00043	55	3
174	161	2026-04-19 09:00:45.533697+00	2026-04-19 09:00:45.533699+00	TI/00051	2025-06-02	10864.00	TO BILL NO. TI/00051	55	3
175	162	2026-04-19 09:00:45.534226+00	2026-04-19 09:00:45.534229+00	TI/00057	2025-06-10	13406.00	TO BILL NO. TI/00057	55	3
176	163	2026-04-19 09:00:45.534785+00	2026-04-19 09:00:45.534788+00	TI/00077	2025-07-05	17248.00	TO BILL NO. TI/00077	55	3
177	165	2026-04-19 09:00:45.536305+00	2026-04-19 09:00:45.53631+00	TI/00113	2025-08-22	15658.00	TO BILL NO. TI/00113	55	3
178	166	2026-04-19 09:00:45.536954+00	2026-04-19 09:00:45.536958+00	TI/00135	2025-09-06	3808.00	TO BILL NO. TI/00135	55	3
179	167	2026-04-19 09:00:45.537892+00	2026-04-19 09:00:45.537897+00	TI/00146	2025-09-24	11700.00	TO BILL NO. TI/00146	55	3
180	169	2026-04-19 09:00:45.539141+00	2026-04-19 09:00:45.539143+00	TI/00186	2025-11-19	9334.00	TO BILL NO. TI/00186	55	3
181	170	2026-04-19 09:00:45.539702+00	2026-04-19 09:00:45.539704+00	TI/00211	2025-12-19	7622.00	TO BILL NO. TI/00211	55	3
182	172	2026-04-19 09:00:45.541007+00	2026-04-19 09:00:45.54101+00	TI/00256	2026-02-18	17069.00	TO BILL NO. TI/00256	55	3
183	173	2026-04-19 09:00:45.541549+00	2026-04-19 09:00:45.541552+00	TI/00007	2026-03-07	16472.00	TO BILL NO. TI/00007	55	3
184	174	2026-04-19 09:00:45.542068+00	2026-04-19 09:00:45.54207+00	TI/00054	2026-03-31	8314.00	TO BILL NO. TI/00054	55	3
185	175	2026-04-19 09:00:45.542595+00	2026-04-19 09:00:45.542597+00	TI/00055	2026-03-31	18102.00	TO BILL NO. TI/00055	55	3
186	177	2026-04-19 09:00:45.543729+00	2026-04-19 09:00:45.543731+00	TI/00005	2025-04-07	13440.00	TO BILL NO. TI/00005	56	3
187	178	2026-04-19 09:00:45.544277+00	2026-04-19 09:00:45.544279+00	TI/00025	2025-05-10	2941.00	TO BILL NO. TI/00025	56	3
188	179	2026-04-19 09:00:45.544798+00	2026-04-19 09:00:45.544801+00	TI/00034	2025-05-16	5040.00	TO BILL NO. TI/00034	56	3
189	181	2026-04-19 09:00:45.546264+00	2026-04-19 09:00:45.546269+00	TI/00045	2025-05-27	4200.00	TO BILL NO. TI/00045	56	3
190	182	2026-04-19 09:00:45.54686+00	2026-04-19 09:00:45.546863+00	TI/00055	2025-06-05	6301.00	TO BILL NO. TI/00055	56	3
191	183	2026-04-19 09:00:45.54738+00	2026-04-19 09:00:45.547382+00	TI/00061	2025-06-12	5040.00	TO BILL NO. TI/00061	56	3
192	184	2026-04-19 09:00:45.547891+00	2026-04-19 09:00:45.547894+00	TI/00064	2025-06-14	3781.00	TO BILL NO. TI/00064	56	3
193	185	2026-04-19 09:00:45.548415+00	2026-04-19 09:00:45.548417+00	TI/00065	2025-06-18	3360.00	TO BILL NO. TI/00065	56	3
194	186	2026-04-19 09:00:45.549109+00	2026-04-19 09:00:45.549112+00	TI/00069	2025-06-26	2941.00	TO BILL NO. TI/00069	56	3
195	187	2026-04-19 09:00:45.549675+00	2026-04-19 09:00:45.549677+00	TI/00072	2025-06-28	4200.00	TO BILL NO. TI/00072	56	3
196	188	2026-04-19 09:00:45.550172+00	2026-04-19 09:00:45.550175+00	TI/00076	2025-07-04	8821.00	TO BILL NO. TI/00076	56	3
197	190	2026-04-19 09:00:45.551757+00	2026-04-19 09:00:45.55176+00	TI/00082	2025-07-11	3360.00	TO BILL NO. TI/00082	56	3
198	191	2026-04-19 09:00:45.552303+00	2026-04-19 09:00:45.552306+00	TI/00088	2025-07-18	2520.00	TO BILL NO. TI/00088	56	3
199	192	2026-04-19 09:00:45.552835+00	2026-04-19 09:00:45.552838+00	TI/00093	2025-07-23	3360.00	TO BILL NO. TI/00093	56	3
200	193	2026-04-19 09:00:45.553527+00	2026-04-19 09:00:45.55353+00	TI/00095	2025-07-26	3781.00	TO BILL NO. TI/00095	56	3
201	194	2026-04-19 09:00:45.554125+00	2026-04-19 09:00:45.554127+00	TI/00096	2025-07-26	4621.00	TO BILL NO. TI/00096	56	3
202	196	2026-04-19 09:00:45.555157+00	2026-04-19 09:00:45.555159+00	TI/00105	2025-08-08	3360.00	TO BILL NO. TI/00105	56	3
203	197	2026-04-19 09:00:45.555727+00	2026-04-19 09:00:45.55573+00	TI/00110	2025-08-19	7981.00	TO BILL NO. TI/00110	56	3
204	198	2026-04-19 09:00:45.556274+00	2026-04-19 09:00:45.556277+00	TI/00114	2025-08-22	3360.00	TO BILL NO. TI/00114	56	3
205	199	2026-04-19 09:00:45.556804+00	2026-04-19 09:00:45.556806+00	TI/00117	2025-08-26	2941.00	TO BILL NO. TI/00117	56	3
206	200	2026-04-19 09:00:45.557391+00	2026-04-19 09:00:45.557394+00	TI/00129	2025-09-03	4200.00	TO BILL NO. TI/00129	56	3
207	202	2026-04-19 09:00:45.558523+00	2026-04-19 09:00:45.558526+00	TI/00141	2025-09-12	4200.00	TO BILL NO. TI/00141	56	3
208	203	2026-04-19 09:00:45.559058+00	2026-04-19 09:00:45.55906+00	TI/00149	2025-09-29	4867.00	TO BILL NO. TI/00149	56	3
209	204	2026-04-19 09:00:45.559602+00	2026-04-19 09:00:45.559605+00	TI/00154	2025-10-04	3781.00	TO BILL NO. TI/00154	56	3
210	205	2026-04-19 09:00:45.560124+00	2026-04-19 09:00:45.560127+00	TI/00155	2025-10-06	7080.00	TO BILL NO. TI/00155	56	3
211	206	2026-04-19 09:00:45.56117+00	2026-04-19 09:00:45.561176+00	TI/00162	2025-10-14	4426.00	TO BILL NO. TI/00162	56	3
212	208	2026-04-19 09:00:45.562693+00	2026-04-19 09:00:45.562696+00	TI/00167	2025-10-24	3540.00	TO BILL NO. TI/00167	56	3
213	209	2026-04-19 09:00:45.563212+00	2026-04-19 09:00:45.563215+00	TI/00176	2025-11-07	3097.00	TO BILL NO. TI/00176	56	3
214	211	2026-04-19 09:00:45.564292+00	2026-04-19 09:00:45.564295+00	TI/00201	2025-12-04	2213.00	TO BILL NO. TI/00201	56	3
215	213	2026-04-19 09:00:45.565444+00	2026-04-19 09:00:45.565446+00	TI/00209	2025-12-17	2656.00	TO BILL NO. TI/00209	56	3
216	214	2026-04-19 09:00:45.565985+00	2026-04-19 09:00:45.565997+00	TI/00214	2025-12-24	3540.00	TO BILL NO. TI/00214	56	3
217	215	2026-04-19 09:00:45.566518+00	2026-04-19 09:00:45.566521+00	TI/00234	2026-01-22	11947.00	TO BILL NO. TI/00234	56	3
218	217	2026-04-19 09:00:45.567577+00	2026-04-19 09:00:45.567579+00	TI/00285	2026-03-17	3983.00	TO BILL NO. TI/00285	56	3
219	219	2026-04-19 09:00:45.568149+00	2026-04-19 09:00:45.568152+00	TI/00016	2026-03-14	5079.00	TO BILL NO. TI/00016	57	3
220	220	2026-04-19 09:00:45.568701+00	2026-04-19 09:00:45.568703+00	TI/00021	2026-03-18	13876.00	TO BILL NO. TI/00021	57	3
221	221	2026-04-19 09:00:45.569239+00	2026-04-19 09:00:45.569242+00	TI/00023	2026-03-19	24036.00	TO BILL NO. TI/00023	57	3
222	222	2026-04-19 09:00:45.569766+00	2026-04-19 09:00:45.569768+00	TI/00039	2026-03-26	35930.00	TO BILL NO. TI/00039	57	3
223	223	2026-04-19 09:00:45.570312+00	2026-04-19 09:00:45.570315+00	TI/00045	2026-03-28	35807.00	TO BILL NO. TI/00045	57	3
224	224	2026-04-19 09:00:45.570847+00	2026-04-19 09:00:45.570849+00	TI/00049	2026-03-30	41259.00	TO BILL NO. TI/00049	57	3
225	226	2026-04-19 09:00:45.571405+00	2026-04-19 09:00:45.571408+00	TI/00267	2026-02-25	5507.00	TO BILL NO. TI/00267	58	3
226	228	2026-04-19 09:00:45.572506+00	2026-04-19 09:00:45.572509+00	TI/00271	2026-02-27	10242.00	TO BILL NO. TI/00271	58	3
227	229	2026-04-19 09:00:45.573028+00	2026-04-19 09:00:45.573031+00	TI/00002	2026-03-02	2601.00	TO BILL NO. TI/00002	58	3
228	231	2026-04-19 09:00:45.574099+00	2026-04-19 09:00:45.574101+00	TI/00005	2026-03-03	4922.00	TO BILL NO. TI/00005	58	3
229	232	2026-04-19 09:00:45.574655+00	2026-04-19 09:00:45.574658+00	TI/00009	2026-03-10	8383.00	TO BILL NO. TI/00009	58	3
230	233	2026-04-19 09:00:45.575202+00	2026-04-19 09:00:45.575204+00	TI/00011	2026-03-12	3163.00	TO BILL NO. TI/00011	58	3
231	234	2026-04-19 09:00:45.576212+00	2026-04-19 09:00:45.576217+00	TI/00015	2026-03-14	3186.00	TO BILL NO. TI/00015	58	3
232	235	2026-04-19 09:00:45.576846+00	2026-04-19 09:00:45.57685+00	TI/00019	2026-03-17	1818.00	TO BILL NO. TI/00019	58	3
233	236	2026-04-19 09:00:45.577415+00	2026-04-19 09:00:45.577418+00	TI/00025	2026-03-20	4139.00	TO BILL NO. TI/00025	58	3
234	237	2026-04-19 09:00:45.577971+00	2026-04-19 09:00:45.577974+00	TI/00032	2026-03-23	32105.00	TO BILL NO. TI/00032	58	3
235	238	2026-04-19 09:00:45.57866+00	2026-04-19 09:00:45.578664+00	TI/00042	2026-03-28	11735.00	TO BILL NO. TI/00042	58	3
236	239	2026-04-19 09:00:45.579299+00	2026-04-19 09:00:45.579301+00	TI/00043	2026-03-28	5163.00	TO BILL NO. TI/00043	58	3
237	241	2026-04-19 09:00:45.580618+00	2026-04-19 09:00:45.58062+00	TI/00056	2026-03-31	10890.00	TO BILL NO. TI/00056	58	3
238	242	2026-04-19 09:00:45.581209+00	2026-04-19 09:00:45.581212+00	TI/00057	2026-03-31	4929.00	TO BILL NO. TI/00057	58	3
239	244	2026-04-19 09:00:45.58257+00	2026-04-19 09:00:45.582574+00	TI/00002	2025-04-04	4300.00	TO BILL NO. TI/00002	59	3
240	247	2026-04-19 09:00:45.58412+00	2026-04-19 09:00:45.584123+00	TI/00013	2025-04-21	4480.00	TO BILL NO. TI/00013	59	3
241	248	2026-04-19 09:00:45.584654+00	2026-04-19 09:00:45.584657+00	TI/00019	2025-05-02	4480.00	TO BILL NO. TI/00019	59	3
242	249	2026-04-19 09:00:45.585168+00	2026-04-19 09:00:45.585171+00	TI/00021	2025-05-03	4534.00	TO BILL NO. TI/00021	59	3
243	252	2026-04-19 09:00:45.586733+00	2026-04-19 09:00:45.586735+00	TI/00026	2025-05-12	4928.00	TO BILL NO. TI/00026	59	3
244	253	2026-04-19 09:00:45.587267+00	2026-04-19 09:00:45.58727+00	TI/00027	2025-05-12	2240.00	TO BILL NO. TI/00027	59	3
245	254	2026-04-19 09:00:45.587784+00	2026-04-19 09:00:45.587787+00	TI/00031	2025-05-15	4480.00	TO BILL NO. TI/00031	59	3
246	256	2026-04-19 09:00:45.588839+00	2026-04-19 09:00:45.588842+00	TI/00035	2025-05-19	4928.00	TO BILL NO. TI/00035	59	3
247	257	2026-04-19 09:00:45.589378+00	2026-04-19 09:00:45.589381+00	TI/00037	2025-05-20	4032.00	TO BILL NO. TI/00037	59	3
248	259	2026-04-19 09:00:45.59042+00	2026-04-19 09:00:45.590423+00	TI/00059	2025-06-11	798.00	TO BILL NO. TI/00059	59	3
249	261	2026-04-19 09:00:45.59149+00	2026-04-19 09:00:45.591492+00	TI/00066	2025-06-24	9570.00	TO BILL NO. TI/00066	59	3
250	262	2026-04-19 09:00:45.592281+00	2026-04-19 09:00:45.592287+00	TI/00079	2025-07-07	12992.00	TO BILL NO. TI/00079	59	3
251	263	2026-04-19 09:00:45.593046+00	2026-04-19 09:00:45.593049+00	TI/00080	2025-07-07	5376.00	TO BILL NO. TI/00080	59	3
252	264	2026-04-19 09:00:45.593607+00	2026-04-19 09:00:45.593611+00	TI/00083	2025-07-12	8960.00	TO BILL NO. TI/00083	59	3
253	265	2026-04-19 09:00:45.594155+00	2026-04-19 09:00:45.594158+00	TI/00087	2025-07-18	8960.00	TO BILL NO. TI/00087	59	3
254	266	2026-04-19 09:00:45.594704+00	2026-04-19 09:00:45.594707+00	TI/00090	2025-07-19	9408.00	TO BILL NO. TI/00090	59	3
255	268	2026-04-19 09:00:45.595937+00	2026-04-19 09:00:45.595939+00	TI/00091	2025-07-21	12992.00	TO BILL NO. TI/00091	59	3
256	269	2026-04-19 09:00:45.596485+00	2026-04-19 09:00:45.596487+00	TI/00092	2025-07-21	4032.00	TO BILL NO. TI/00092	59	3
257	270	2026-04-19 09:00:45.596999+00	2026-04-19 09:00:45.597002+00	TI/00097	2025-07-26	13440.00	TO BILL NO. TI/00097	59	3
258	272	2026-04-19 09:00:45.598044+00	2026-04-19 09:00:45.598046+00	TI/00100	2025-08-05	8960.00	TO BILL NO. TI/00100	59	3
259	273	2026-04-19 09:00:45.598578+00	2026-04-19 09:00:45.598581+00	TI/00107	2025-08-12	7884.00	TO BILL NO. TI/00107	59	3
260	274	2026-04-19 09:00:45.599226+00	2026-04-19 09:00:45.599233+00	TI/00124	2025-08-29	4480.00	TO BILL NO. TI/00124	59	3
261	277	2026-04-19 09:00:45.60116+00	2026-04-19 09:00:45.601162+00	TI/00143	2025-09-18	5824.00	TO BILL NO. TI/00143	59	3
262	279	2026-04-19 09:00:45.602631+00	2026-04-19 09:00:45.602637+00	TI/00151	2025-09-30	8024.00	TO BILL NO. TI/00151	59	3
263	280	2026-04-19 09:00:45.603296+00	2026-04-19 09:00:45.603299+00	TI/00156	2025-10-07	1416.00	TO BILL NO. TI/00156	59	3
264	283	2026-04-19 09:00:45.605466+00	2026-04-19 09:00:45.605469+00	TI/00165	2025-10-20	9440.00	TO BILL NO. TI/00165	59	3
265	284	2026-04-19 09:00:45.606073+00	2026-04-19 09:00:45.606076+00	TI/00180	2025-11-10	10856.00	TO BILL NO. TI/00180	59	3
266	286	2026-04-19 09:00:45.607416+00	2026-04-19 09:00:45.607419+00	TI/00191	2025-11-22	11328.00	TO BILL NO. TI/00191	59	3
267	287	2026-04-19 09:00:45.607977+00	2026-04-19 09:00:45.607979+00	TI/00200	2025-12-04	944.00	TO BILL NO. TI/00200	59	3
268	288	2026-04-19 09:00:45.608469+00	2026-04-19 09:00:45.608472+00	TI/00208	2025-12-17	944.00	TO BILL NO. TI/00208	59	3
269	289	2026-04-19 09:00:45.608959+00	2026-04-19 09:00:45.608962+00	TI/00220	2025-12-27	2832.00	TO BILL NO. TI/00220	59	3
270	292	2026-04-19 09:00:45.610467+00	2026-04-19 09:00:45.610469+00	TI/00225	2026-01-05	12272.00	TO BILL NO. TI/00225	59	3
271	293	2026-04-19 09:00:45.610967+00	2026-04-19 09:00:45.61097+00	TI/00226	2026-01-05	6608.00	TO BILL NO. TI/00226	59	3
272	294	2026-04-19 09:00:45.611496+00	2026-04-19 09:00:45.611499+00	TI/00235	2026-01-26	31916.00	TO BILL NO. TI/00235	59	3
273	296	2026-04-19 09:00:45.612955+00	2026-04-19 09:00:45.612959+00	TI/00246	2026-01-30	4720.00	TO BILL NO. TI/00246	59	3
274	298	2026-04-19 09:00:45.614014+00	2026-04-19 09:00:45.614017+00	TI/00259	2026-02-19	11800.00	TO BILL NO. TI/00259	59	3
275	299	2026-04-19 09:00:45.614549+00	2026-04-19 09:00:45.614551+00	TI/00273	2026-02-28	8024.00	TO BILL NO. TI/00273	59	3
276	301	2026-04-19 09:00:45.615801+00	2026-04-19 09:00:45.615804+00	TI/00004	2026-03-02	3197.00	TO BILL NO. TI/00004	59	3
277	302	2026-04-19 09:00:45.61631+00	2026-04-19 09:00:45.616313+00	TI/00275	2026-03-03	4720.00	TO BILL NO. TI/00275	59	3
278	303	2026-04-19 09:00:45.616796+00	2026-04-19 09:00:45.616798+00	TI/00006	2026-03-06	11800.00	TO BILL NO. TI/00006	59	3
279	304	2026-04-19 09:00:45.617311+00	2026-04-19 09:00:45.617313+00	TI/00277	2026-03-07	3682.00	TO BILL NO. TI/00277	59	3
280	305	2026-04-19 09:00:45.617852+00	2026-04-19 09:00:45.617854+00	TI/00279	2026-03-07	3776.00	TO BILL NO. TI/00279	59	3
281	306	2026-04-19 09:00:45.618362+00	2026-04-19 09:00:45.618365+00	TI/00282	2026-03-16	9638.00	TO BILL NO. TI/00282	59	3
282	307	2026-04-19 09:00:45.618884+00	2026-04-19 09:00:45.618886+00	TI/00287	2026-03-20	22136.00	TO BILL NO. TI/00287	59	3
283	309	2026-04-19 09:00:45.619405+00	2026-04-19 09:00:45.619407+00	TI/00014	2025-04-22	29194.00	TO BILL NO. TI/00014	60	3
284	311	2026-04-19 09:00:45.620458+00	2026-04-19 09:00:45.620461+00	TI/00060	2025-06-11	38389.00	TO BILL NO. TI/00060	60	3
285	313	2026-04-19 09:00:45.62152+00	2026-04-19 09:00:45.621522+00	TI/00046	2026-03-28	18644.00	TO BILL NO. TI/00046	60	3
286	314	2026-04-19 09:00:45.622034+00	2026-04-19 09:00:45.622036+00	TI/00298	2026-03-31	8438.00	TO BILL NO. TI/00298	60	3
287	316	2026-04-19 09:00:45.623828+00	2026-04-19 09:00:45.623832+00	TI/00001	2025-04-01	10360.00	TO BILL NO. TI/00001	61	3
288	317	2026-04-19 09:00:45.624412+00	2026-04-19 09:00:45.624414+00	TI/00004	2025-04-07	4703.00	TO BILL NO. TI/00004	61	3
289	318	2026-04-19 09:00:45.624895+00	2026-04-19 09:00:45.624897+00	TI/00006	2025-04-09	10360.00	TO BILL NO. TI/00006	61	3
290	319	2026-04-19 09:00:45.625393+00	2026-04-19 09:00:45.625396+00	TI/00007	2025-04-10	10879.00	TO BILL NO. TI/00007	61	3
291	320	2026-04-19 09:00:45.625976+00	2026-04-19 09:00:45.625979+00	TI/00009	2025-04-15	7959.00	TO BILL NO. TI/00009	61	3
292	322	2026-04-19 09:00:45.627032+00	2026-04-19 09:00:45.627035+00	TI/00016	2025-04-23	6659.00	TO BILL NO. TI/00016	61	3
293	323	2026-04-19 09:00:45.627541+00	2026-04-19 09:00:45.627544+00	TI/00017	2025-04-26	8309.00	TO BILL NO. TI/00017	61	3
294	325	2026-04-19 09:00:45.628575+00	2026-04-19 09:00:45.628577+00	TI/00046	2025-05-28	5708.00	TO BILL NO. TI/00046	61	3
295	326	2026-04-19 09:00:45.62911+00	2026-04-19 09:00:45.629113+00	TI/00049	2025-05-31	10335.00	TO BILL NO. TI/00049	61	3
296	327	2026-04-19 09:00:45.629656+00	2026-04-19 09:00:45.629658+00	TI/00050	2025-05-31	10360.00	TO BILL NO. TI/00050	61	3
297	329	2026-04-19 09:00:45.630703+00	2026-04-19 09:00:45.630705+00	TI/00053	2025-06-04	5181.00	TO BILL NO. TI/00053	61	3
298	330	2026-04-19 09:00:45.631219+00	2026-04-19 09:00:45.631222+00	TI/00054	2025-06-05	10112.00	TO BILL NO. TI/00054	61	3
299	331	2026-04-19 09:00:45.631745+00	2026-04-19 09:00:45.631747+00	TI/00056	2025-06-09	10651.00	TO BILL NO. TI/00056	61	3
300	332	2026-04-19 09:00:45.632356+00	2026-04-19 09:00:45.632359+00	TI/00058	2025-06-10	4335.00	TO BILL NO. TI/00058	61	3
301	334	2026-04-19 09:00:45.63344+00	2026-04-19 09:00:45.633442+00	TI/00062	2025-06-13	10401.00	TO BILL NO. TI/00062	61	3
302	335	2026-04-19 09:00:45.633976+00	2026-04-19 09:00:45.633979+00	TI/00063	2025-06-13	10360.00	TO BILL NO. TI/00063	61	3
303	337	2026-04-19 09:00:45.635032+00	2026-04-19 09:00:45.635035+00	TI/00070	2025-06-26	6496.00	TO BILL NO. TI/00070	61	3
304	338	2026-04-19 09:00:45.635581+00	2026-04-19 09:00:45.635584+00	TI/00071	2025-06-27	10183.00	TO BILL NO. TI/00071	61	3
305	339	2026-04-19 09:00:45.636111+00	2026-04-19 09:00:45.636114+00	TI/00073	2025-06-30	11350.00	TO BILL NO. TI/00073	61	3
306	340	2026-04-19 09:00:45.636648+00	2026-04-19 09:00:45.63665+00	TI/00074	2025-07-02	10670.00	TO BILL NO. TI/00074	61	3
307	341	2026-04-19 09:00:45.637198+00	2026-04-19 09:00:45.637201+00	TI/00078	2025-07-05	9131.00	TO BILL NO. TI/00078	61	3
308	342	2026-04-19 09:00:45.637747+00	2026-04-19 09:00:45.637749+00	TI/00084	2025-07-12	10360.00	TO BILL NO. TI/00084	61	3
309	343	2026-04-19 09:00:45.638279+00	2026-04-19 09:00:45.638282+00	TI/00086	2025-07-15	7769.00	TO BILL NO. TI/00086	61	3
310	344	2026-04-19 09:00:45.638833+00	2026-04-19 09:00:45.638836+00	TI/00094	2025-07-24	9433.00	TO BILL NO. TI/00094	61	3
311	346	2026-04-19 09:00:45.639882+00	2026-04-19 09:00:45.639885+00	TI/00098	2025-08-01	10433.00	TO BILL NO. TI/00098	61	3
312	347	2026-04-19 09:00:45.640436+00	2026-04-19 09:00:45.640439+00	TI/00101	2025-08-05	7253.00	TO BILL NO. TI/00101	61	3
313	348	2026-04-19 09:00:45.640987+00	2026-04-19 09:00:45.640989+00	TI/00106	2025-08-11	10360.00	TO BILL NO. TI/00106	61	3
314	349	2026-04-19 09:00:45.641561+00	2026-04-19 09:00:45.641564+00	TI/00108	2025-08-14	10360.00	TO BILL NO. TI/00108	61	3
315	350	2026-04-19 09:00:45.642107+00	2026-04-19 09:00:45.642109+00	TI/00109	2025-08-14	3109.00	TO BILL NO. TI/00109	61	3
316	351	2026-04-19 09:00:45.643299+00	2026-04-19 09:00:45.643305+00	TI/00111	2025-08-21	6250.00	TO BILL NO. TI/00111	61	3
317	352	2026-04-19 09:00:45.644047+00	2026-04-19 09:00:45.644052+00	TI/00112	2025-08-22	7098.00	TO BILL NO. TI/00112	61	3
318	353	2026-04-19 09:00:45.644729+00	2026-04-19 09:00:45.644732+00	TI/00116	2025-08-26	9870.00	TO BILL NO. TI/00116	61	3
319	354	2026-04-19 09:00:45.645317+00	2026-04-19 09:00:45.64532+00	TI/00119	2025-08-26	6216.00	TO BILL NO. TI/00119	61	3
320	355	2026-04-19 09:00:45.645853+00	2026-04-19 09:00:45.645855+00	TI/00125	2025-08-29	6735.00	TO BILL NO. TI/00125	61	3
321	356	2026-04-19 09:00:45.646444+00	2026-04-19 09:00:45.646447+00	TI/00126	2025-08-29	6216.00	TO BILL NO. TI/00126	61	3
322	357	2026-04-19 09:00:45.646984+00	2026-04-19 09:00:45.646987+00	TI/00127	2025-09-03	6046.00	TO BILL NO. TI/00127	61	3
323	358	2026-04-19 09:00:45.647555+00	2026-04-19 09:00:45.647558+00	TI/00134	2025-09-05	10651.00	TO BILL NO. TI/00134	61	3
324	360	2026-04-19 09:00:45.648955+00	2026-04-19 09:00:45.648958+00	TI/00139	2025-09-11	9302.00	TO BILL NO. TI/00139	61	3
325	361	2026-04-19 09:00:45.649563+00	2026-04-19 09:00:45.649566+00	TI/00142	2025-09-18	5892.00	TO BILL NO. TI/00142	61	3
326	362	2026-04-19 09:00:45.650061+00	2026-04-19 09:00:45.650063+00	TI/00144	2025-09-19	4144.00	TO BILL NO. TI/00144	61	3
327	363	2026-04-19 09:00:45.650596+00	2026-04-19 09:00:45.650598+00	TI/00147	2025-09-26	10915.00	TO BILL NO. TI/00147	61	3
328	364	2026-04-19 09:00:45.651127+00	2026-04-19 09:00:45.65113+00	TI/00150	2025-09-29	5182.00	TO BILL NO. TI/00150	61	3
329	365	2026-04-19 09:00:45.651668+00	2026-04-19 09:00:45.65167+00	TI/00152	2025-09-30	8598.00	TO BILL NO. TI/00152	61	3
330	367	2026-04-19 09:00:45.653376+00	2026-04-19 09:00:45.65338+00	TI/00158	2025-10-10	11231.00	TO BILL NO. TI/00158	61	3
331	368	2026-04-19 09:00:45.654012+00	2026-04-19 09:00:45.654015+00	TI/00163	2025-10-16	8748.00	TO BILL NO. TI/00163	61	3
332	369	2026-04-19 09:00:45.654563+00	2026-04-19 09:00:45.654566+00	TI/00164	2025-10-17	10369.00	TO BILL NO. TI/00164	61	3
333	370	2026-04-19 09:00:45.655113+00	2026-04-19 09:00:45.655115+00	TI/00172	2025-11-03	8732.00	TO BILL NO. TI/00172	61	3
334	371	2026-04-19 09:00:45.65568+00	2026-04-19 09:00:45.655683+00	TI/00173	2025-11-03	2084.00	TO BILL NO. TI/00173	61	3
335	372	2026-04-19 09:00:45.656221+00	2026-04-19 09:00:45.656224+00	TI/00179	2025-11-08	4802.00	TO BILL NO. TI/00179	61	3
336	373	2026-04-19 09:00:45.656771+00	2026-04-19 09:00:45.656774+00	TI/00181	2025-11-13	9439.00	TO BILL NO. TI/00181	61	3
337	374	2026-04-19 09:00:45.657602+00	2026-04-19 09:00:45.657605+00	TI/00182	2025-11-14	9648.00	TO BILL NO. TI/00182	61	3
338	375	2026-04-19 09:00:45.658143+00	2026-04-19 09:00:45.658147+00	TI/00184	2025-11-17	10916.00	TO BILL NO. TI/00184	61	3
339	376	2026-04-19 09:00:45.658706+00	2026-04-19 09:00:45.658708+00	TI/00185	2025-11-18	10526.00	TO BILL NO. TI/00185	61	3
340	377	2026-04-19 09:00:45.659274+00	2026-04-19 09:00:45.659276+00	TI/00187	2025-11-19	10916.00	TO BILL NO. TI/00187	61	3
341	378	2026-04-19 09:00:45.659805+00	2026-04-19 09:00:45.659807+00	TI/00189	2025-11-21	7019.00	TO BILL NO. TI/00189	61	3
342	380	2026-04-19 09:00:45.660822+00	2026-04-19 09:00:45.660824+00	TI/00192	2025-11-24	11463.00	TO BILL NO. TI/00192	61	3
343	381	2026-04-19 09:00:45.661355+00	2026-04-19 09:00:45.661358+00	TI/00193	2025-11-25	10916.00	TO BILL NO. TI/00193	61	3
344	382	2026-04-19 09:00:45.661905+00	2026-04-19 09:00:45.661907+00	TI/00194	2025-11-27	9002.00	TO BILL NO. TI/00194	61	3
345	383	2026-04-19 09:00:45.662849+00	2026-04-19 09:00:45.662856+00	TI/00195	2025-11-27	6742.00	TO BILL NO. TI/00195	61	3
346	384	2026-04-19 09:00:45.663565+00	2026-04-19 09:00:45.663567+00	TI/00197	2025-11-28	11340.00	TO BILL NO. TI/00197	61	3
347	385	2026-04-19 09:00:45.66428+00	2026-04-19 09:00:45.664283+00	TI/00198	2025-12-04	8732.00	TO BILL NO. TI/00198	61	3
348	386	2026-04-19 09:00:45.664844+00	2026-04-19 09:00:45.664847+00	TI/00199	2025-12-04	9139.00	TO BILL NO. TI/00199	61	3
349	387	2026-04-19 09:00:45.665406+00	2026-04-19 09:00:45.665409+00	TI/00202	2025-12-06	11167.00	TO BILL NO. TI/00202	61	3
350	389	2026-04-19 09:00:45.666468+00	2026-04-19 09:00:45.666471+00	TI/00205	2025-12-12	10850.00	TO BILL NO. TI/00205	61	3
351	390	2026-04-19 09:00:45.667027+00	2026-04-19 09:00:45.66703+00	TI/00207	2025-12-15	10916.00	TO BILL NO. TI/00207	61	3
352	391	2026-04-19 09:00:45.667558+00	2026-04-19 09:00:45.66756+00	TI/00212	2025-12-19	9933.00	TO BILL NO. TI/00212	61	3
353	392	2026-04-19 09:00:45.668082+00	2026-04-19 09:00:45.668085+00	TI/00215	2025-12-25	8444.00	TO BILL NO. TI/00215	61	3
354	393	2026-04-19 09:00:45.668615+00	2026-04-19 09:00:45.668618+00	TI/00217	2025-12-26	12050.00	TO BILL NO. TI/00217	61	3
355	394	2026-04-19 09:00:45.669144+00	2026-04-19 09:00:45.669146+00	TI/00218	2025-12-26	8700.00	TO BILL NO. TI/00218	61	3
356	395	2026-04-19 09:00:45.669693+00	2026-04-19 09:00:45.669696+00	TI/00223	2025-12-30	11700.00	TO BILL NO. TI/00223	61	3
357	396	2026-04-19 09:00:45.670225+00	2026-04-19 09:00:45.670227+00	TI/00227	2026-01-06	21283.00	TO BILL NO. TI/00227	61	3
358	397	2026-04-19 09:00:45.67076+00	2026-04-19 09:00:45.670762+00	TI/00230	2026-01-12	7641.00	TO BILL NO. TI/00230	61	3
359	398	2026-04-19 09:00:45.671295+00	2026-04-19 09:00:45.671298+00	TI/00231	2026-01-13	14273.00	TO BILL NO. TI/00231	61	3
360	399	2026-04-19 09:00:45.671855+00	2026-04-19 09:00:45.671858+00	TI/00233	2026-01-22	7498.00	TO BILL NO. TI/00233	61	3
361	401	2026-04-19 09:00:45.673426+00	2026-04-19 09:00:45.673429+00	TI/00239	2026-01-27	9753.00	TO BILL NO. TI/00239	61	3
362	402	2026-04-19 09:00:45.674168+00	2026-04-19 09:00:45.674171+00	TI/00240	2026-01-28	5457.00	TO BILL NO. TI/00240	61	3
363	403	2026-04-19 09:00:45.674768+00	2026-04-19 09:00:45.674771+00	TI/00245	2026-01-30	5883.00	TO BILL NO. TI/00245	61	3
364	404	2026-04-19 09:00:45.675316+00	2026-04-19 09:00:45.675318+00	TI/00248	2026-02-02	31795.00	TO BILL NO. TI/00248	61	3
365	405	2026-04-19 09:00:45.675854+00	2026-04-19 09:00:45.675857+00	TI/00254	2026-02-17	9514.00	TO BILL NO. TI/00254	61	3
366	406	2026-04-19 09:00:45.6764+00	2026-04-19 09:00:45.676403+00	TI/00258	2026-02-18	11416.00	TO BILL NO. TI/00258	61	3
367	407	2026-04-19 09:00:45.676939+00	2026-04-19 09:00:45.676942+00	TI/00264	2026-02-23	13233.00	TO BILL NO. TI/00264	61	3
368	408	2026-04-19 09:00:45.67748+00	2026-04-19 09:00:45.677483+00	TI/00269	2026-02-26	7594.00	TO BILL NO. TI/00269	61	3
369	409	2026-04-19 09:00:45.67802+00	2026-04-19 09:00:45.678023+00	TI/00270	2026-02-26	6402.00	TO BILL NO. TI/00270	61	3
370	410	2026-04-19 09:00:45.67855+00	2026-04-19 09:00:45.678552+00	TI/00274	2026-02-28	10931.00	TO BILL NO. TI/00274	61	3
371	411	2026-04-19 09:00:45.67911+00	2026-04-19 09:00:45.679112+00	TI/00276	2026-03-07	10627.00	TO BILL NO. TI/00276	61	3
372	412	2026-04-19 09:00:45.679644+00	2026-04-19 09:00:45.679647+00	TI/00280	2026-03-08	10846.00	TO BILL NO. TI/00280	61	3
373	413	2026-04-19 09:00:45.68018+00	2026-04-19 09:00:45.680183+00	TI/00281	2026-03-11	12192.00	TO BILL NO. TI/00281	61	3
374	415	2026-04-19 09:00:45.681239+00	2026-04-19 09:00:45.681241+00	TI/00284	2026-03-17	10697.00	TO BILL NO. TI/00284	61	3
375	417	2026-04-19 09:00:45.682347+00	2026-04-19 09:00:45.682351+00	TI/00068	2025-06-25	6922.00	TO BILL NO. TI/00068	62	3
376	418	2026-04-19 09:00:45.682885+00	2026-04-19 09:00:45.682888+00	TI/00089	2025-07-18	3752.00	TO BILL NO. TI/00089	62	3
377	419	2026-04-19 09:00:45.683471+00	2026-04-19 09:00:45.683473+00	TI/00103	2025-08-07	8960.00	TO BILL NO. TI/00103	62	3
378	420	2026-04-19 09:00:45.684002+00	2026-04-19 09:00:45.684005+00	TI/00131	2025-09-04	5600.00	TO BILL NO. TI/00131	62	3
379	421	2026-04-19 09:00:45.684552+00	2026-04-19 09:00:45.684555+00	TI/00132	2025-09-04	4480.00	TO BILL NO. TI/00132	62	3
380	422	2026-04-19 09:00:45.685085+00	2026-04-19 09:00:45.685088+00	TI/00137	2025-09-08	25200.00	TO BILL NO. TI/00137	62	3
381	423	2026-04-19 09:00:45.685621+00	2026-04-19 09:00:45.685623+00	TI/00138	2025-09-09	8680.00	TO BILL NO. TI/00138	62	3
382	424	2026-04-19 09:00:45.686152+00	2026-04-19 09:00:45.686155+00	TI/00145	2025-09-22	6018.00	TO BILL NO. TI/00145	62	3
383	426	2026-04-19 09:00:45.687213+00	2026-04-19 09:00:45.687216+00	TI/00148	2025-09-29	1416.00	TO BILL NO. TI/00148	62	3
384	427	2026-04-19 09:00:45.687761+00	2026-04-19 09:00:45.687763+00	TI/00166	2025-10-23	24780.00	TO BILL NO. TI/00166	62	3
385	428	2026-04-19 09:00:45.688298+00	2026-04-19 09:00:45.6883+00	TI/00170	2025-10-31	26550.00	TO BILL NO. TI/00170	62	3
386	429	2026-04-19 09:00:45.688828+00	2026-04-19 09:00:45.68883+00	TI/00175	2025-11-06	17700.00	TO BILL NO. TI/00175	62	3
387	430	2026-04-19 09:00:45.689378+00	2026-04-19 09:00:45.68938+00	TI/00188	2025-11-21	18998.00	TO BILL NO. TI/00188	62	3
388	431	2026-04-19 09:00:45.689936+00	2026-04-19 09:00:45.689938+00	TI/00196	2025-11-28	14810.00	TO BILL NO. TI/00196	62	3
389	432	2026-04-19 09:00:45.690488+00	2026-04-19 09:00:45.690491+00	TI/00203	2025-12-10	16756.00	TO BILL NO. TI/00203	62	3
390	433	2026-04-19 09:00:45.69105+00	2026-04-19 09:00:45.691052+00	TI/00206	2025-12-13	13688.00	TO BILL NO. TI/00206	62	3
391	434	2026-04-19 09:00:45.691594+00	2026-04-19 09:00:45.691597+00	TI/00210	2025-12-19	21240.00	TO BILL NO. TI/00210	62	3
392	435	2026-04-19 09:00:45.692124+00	2026-04-19 09:00:45.692127+00		2025-12-30	50000.00	TO TRF	62	3
393	436	2026-04-19 09:00:45.693204+00	2026-04-19 09:00:45.693211+00		2025-12-31	50000.00	TO RETURN	62	3
394	438	2026-04-19 09:00:45.694528+00	2026-04-19 09:00:45.694531+00	TI/00224	2025-12-31	21878.00	TO BILL NO. TI/00224	62	3
395	439	2026-04-19 09:00:45.695038+00	2026-04-19 09:00:45.695041+00	TI/00228	2026-01-09	10856.00	TO BILL NO. TI/00228	62	3
396	440	2026-04-19 09:00:45.695576+00	2026-04-19 09:00:45.695578+00	TI/00229	2026-01-10	12096.00	TO BILL NO. TI/00229	62	3
397	442	2026-04-19 09:00:45.696647+00	2026-04-19 09:00:45.69665+00	TI/00237	2026-01-27	23954.00	TO BILL NO. TI/00237	62	3
398	444	2026-04-19 09:00:45.697181+00	2026-04-19 09:00:45.697184+00	TI/00008	2026-03-10	22384.00	TO BILL NO. TI/00008	63	3
399	445	2026-04-19 09:00:45.697726+00	2026-04-19 09:00:45.697729+00	TI/00012	2026-03-12	22302.00	TO BILL NO. TI/00012	63	3
400	446	2026-04-19 09:00:45.698272+00	2026-04-19 09:00:45.698277+00		2026-04-06	30591.00	Ledger import	57	3
401	447	2026-04-19 09:00:45.699051+00	2026-04-19 09:00:45.699054+00		2026-04-13	20060.00	Ledger import	57	3
402	448	2026-04-19 09:00:45.699553+00	2026-04-19 09:00:45.699555+00		2026-04-03	8565.00	Ledger import	58	3
403	449	2026-04-19 09:00:45.699992+00	2026-04-19 09:00:45.699994+00		2026-04-04	4248.00	Ledger import	58	3
404	450	2026-04-19 09:00:45.700458+00	2026-04-19 09:00:45.70046+00		2026-04-04	2064.00	Ledger import	58	3
405	451	2026-04-19 09:00:45.700912+00	2026-04-19 09:00:45.700915+00		2026-04-06	12934.00	Ledger import	58	3
406	452	2026-04-19 09:00:45.701395+00	2026-04-19 09:00:45.701397+00		2026-04-09	13942.00	Ledger import	58	3
407	453	2026-04-19 09:00:45.701857+00	2026-04-19 09:00:45.701859+00		2026-04-10	22352.00	Ledger import	58	3
408	454	2026-04-19 09:00:45.702401+00	2026-04-19 09:00:45.70241+00		2026-04-11	6562.00	Ledger import	58	3
409	455	2026-04-19 09:00:45.703223+00	2026-04-19 09:00:45.703226+00		2026-04-11	8933.00	Ledger import	58	3
410	456	2026-04-19 09:00:45.703715+00	2026-04-19 09:00:45.703718+00		2026-04-13	8631.00	Ledger import	58	3
411	457	2026-04-19 09:00:45.70424+00	2026-04-19 09:00:45.704243+00		2026-04-14	21993.00	Ledger import	58	3
412	458	2026-04-19 09:00:45.704759+00	2026-04-19 09:00:45.704761+00		2026-04-02	12036.00	Ledger import	45	3
413	459	2026-04-19 09:00:45.705273+00	2026-04-19 09:00:45.705275+00		2026-04-03	11398.00	Ledger import	45	3
414	460	2026-04-19 09:00:45.705782+00	2026-04-19 09:00:45.705784+00		2026-04-06	9842.00	Ledger import	46	3
415	461	2026-04-19 09:00:45.706286+00	2026-04-19 09:00:45.706289+00		2026-04-07	18408.00	Ledger import	46	3
416	462	2026-04-19 09:00:45.706777+00	2026-04-19 09:00:45.706779+00		2026-04-11	18054.00	Ledger import	46	3
417	463	2026-04-19 09:00:45.707542+00	2026-04-19 09:00:45.707546+00		2026-04-14	28585.00	Ledger import	46	3
418	464	2026-04-19 09:00:45.708037+00	2026-04-19 09:00:45.70804+00		2026-04-17	24469.00	Ledger import	46	3
419	465	2026-04-19 09:00:45.708491+00	2026-04-19 09:00:45.708493+00		2026-04-17	31381.00	Ledger import	46	3
420	466	2026-04-19 09:00:45.708964+00	2026-04-19 09:00:45.708966+00		2026-04-10	8850.00	Ledger import	59	3
421	467	2026-04-19 09:00:45.709455+00	2026-04-19 09:00:45.709457+00		2026-04-03	4720.00	Ledger import	59	3
422	468	2026-04-19 09:00:45.709944+00	2026-04-19 09:00:45.709946+00		2026-04-07	5688.00	Ledger import	60	3
423	469	2026-04-19 09:00:45.710424+00	2026-04-19 09:00:45.710427+00		2026-04-16	6218.00	Ledger import	60	3
424	470	2026-04-19 09:00:45.710905+00	2026-04-19 09:00:45.710908+00		2026-04-07	5380.00	Ledger import	44	3
425	471	2026-04-19 09:00:45.711394+00	2026-04-19 09:00:45.711397+00		2026-04-16	4932.00	Ledger import	44	3
426	472	2026-04-19 09:00:45.711877+00	2026-04-19 09:00:45.71188+00		2026-04-01	25440.00	Ledger import	49	3
427	473	2026-04-19 09:00:45.712521+00	2026-04-19 09:00:45.712527+00		2026-04-03	11752.00	Ledger import	49	3
428	474	2026-04-19 09:00:45.713417+00	2026-04-19 09:00:45.71342+00		2026-04-11	13570.00	Ledger import	49	3
429	475	2026-04-19 09:00:45.713921+00	2026-04-19 09:00:45.713924+00		2026-04-06	4672.00	Ledger import	55	3
\.


--
-- Data for Name: finance_openingbalance; Type: TABLE DATA; Schema: public; Owner: erp
--

COPY public.finance_openingbalance (id, source_row_number, created_at, updated_at, effective_date, balance_type, amount, remarks, party_id, source_batch_id) FROM stdin;
6	2	2026-04-19 09:00:45.442303+00	2026-04-19 09:00:45.442306+00	2025-04-01	DR	5024.00	OPENING BALANCE	43	3
7	8	2026-04-19 09:00:45.446426+00	2026-04-19 09:00:45.446429+00	2025-04-01	DR	39788.00	OPENING BALANCE	44	3
8	41	2026-04-19 09:00:45.464723+00	2026-04-19 09:00:45.464726+00	2025-04-01	DR	559119.00	OPENING BALANCE	46	3
9	176	2026-04-19 09:00:45.543207+00	2026-04-19 09:00:45.543209+00	2025-04-01	DR	16928.00	OPENING BALANCE	56	3
10	243	2026-04-19 09:00:45.581809+00	2026-04-19 09:00:45.581812+00	2025-04-01	DR	201339.00	OPENING BALANCE	59	3
11	315	2026-04-19 09:00:45.623083+00	2026-04-19 09:00:45.623088+00	2025-04-01	DR	76891.00	OPENING BALANCE	61	3
12	416	2026-04-19 09:00:45.681769+00	2026-04-19 09:00:45.681772+00	2025-04-01	DR	33008.00	OPENING BALANCE	62	3
\.


--
-- Data for Name: finance_payment; Type: TABLE DATA; Schema: public; Owner: erp
--

COPY public.finance_payment (id, source_row_number, created_at, updated_at, payment_date, amount, mode, reference_number, remarks, party_id, source_batch_id) FROM stdin;
17	9	2026-04-19 09:00:45.44729+00	2026-04-19 09:00:45.447292+00	2025-04-07	19471.00	bank		BY NEFT	44	3
18	11	2026-04-19 09:00:45.448419+00	2026-04-19 09:00:45.448422+00	2025-05-25	15000.00	cheque		BY Ch.No. TRF	44	3
19	12	2026-04-19 09:00:45.449095+00	2026-04-19 09:00:45.449098+00	2025-05-25	10000.00	cheque		BY Ch.No. TRF	44	3
20	14	2026-04-19 09:00:45.450144+00	2026-04-19 09:00:45.450147+00	2025-09-05	44293.00	bank		BY TRF	44	3
21	15	2026-04-19 09:00:45.450667+00	2026-04-19 09:00:45.45067+00	2025-09-05	10.00	adjustment		BY R/D	44	3
22	17	2026-04-19 09:00:45.451703+00	2026-04-19 09:00:45.451706+00	2025-10-14	23092.00	cheque		BY Ch.No. TRF	44	3
23	19	2026-04-19 09:00:45.452729+00	2026-04-19 09:00:45.452731+00	2026-01-06	26063.00	bank		BY TRF	44	3
24	21	2026-04-19 09:00:45.45376+00	2026-04-19 09:00:45.453763+00	2026-02-21	18000.00	bank		BY TRF	44	3
25	39	2026-04-19 09:00:45.463643+00	2026-04-19 09:00:45.463645+00	2026-03-30	102548.00	bank		BY TRF	45	3
26	42	2026-04-19 09:00:45.465248+00	2026-04-19 09:00:45.465251+00	2025-04-14	272746.00	bank		BY RTGS	46	3
27	56	2026-04-19 09:00:45.47263+00	2026-04-19 09:00:45.472632+00	2025-09-22	312278.00	bank		BY TRF	46	3
28	63	2026-04-19 09:00:45.477035+00	2026-04-19 09:00:45.477039+00	2025-12-31	75536.00	bank		BY TRF	46	3
29	65	2026-04-19 09:00:45.478183+00	2026-04-19 09:00:45.478186+00	2026-02-11	94896.00	bank		BY TRF	46	3
30	83	2026-04-19 09:00:45.487407+00	2026-04-19 09:00:45.48741+00	2026-03-24	50000.00	bank		BY KOMAL	51	3
31	87	2026-04-19 09:00:45.48955+00	2026-04-19 09:00:45.489552+00	2026-03-27	50000.00	bank		BY KOMAL	51	3
32	91	2026-04-19 09:00:45.492201+00	2026-04-19 09:00:45.492204+00	2026-04-09	50000.00	adjustment		CREDIT	51	3
33	92	2026-04-19 09:00:45.492759+00	2026-04-19 09:00:45.492762+00	2026-04-10	50000.00	adjustment		CREDIT	51	3
34	97	2026-04-19 09:00:45.494917+00	2026-04-19 09:00:45.494919+00	2026-03-24	19356.00	bank		BY TRF	52	3
35	108	2026-04-19 09:00:45.504486+00	2026-04-19 09:00:45.504489+00	2026-04-15	53874.00	bank		BY LAKSHMI	52	3
36	118	2026-04-19 09:00:45.510202+00	2026-04-19 09:00:45.510205+00	2026-04-11	100000.00	adjustment		CREDIT	53	3
37	121	2026-04-19 09:00:45.511305+00	2026-04-19 09:00:45.511308+00	2025-04-19	6221.00	bank		BY NEFT	54	3
38	123	2026-04-19 09:00:45.512368+00	2026-04-19 09:00:45.512371+00	2025-04-23	13496.00	bank		BY NEFT	54	3
39	128	2026-04-19 09:00:45.515076+00	2026-04-19 09:00:45.515079+00	2025-05-10	3786.00	bank		BY NEFT	54	3
40	129	2026-04-19 09:00:45.515645+00	2026-04-19 09:00:45.515648+00	2025-05-10	7076.00	bank		BY NEFT	54	3
41	131	2026-04-19 09:00:45.516682+00	2026-04-19 09:00:45.516685+00	2025-05-26	5230.00	cheque		BY Ch.No. TRF	54	3
42	132	2026-04-19 09:00:45.51717+00	2026-04-19 09:00:45.517172+00	2025-05-26	6362.00	cheque		BY Ch.No. TRF	54	3
43	135	2026-04-19 09:00:45.518662+00	2026-04-19 09:00:45.518664+00	2025-06-28	5612.00	cheque		BY Ch.No. TRF	54	3
44	136	2026-04-19 09:00:45.519128+00	2026-04-19 09:00:45.51913+00	2025-06-28	5746.00	cheque		BY Ch.No. TRF	54	3
45	138	2026-04-19 09:00:45.52016+00	2026-04-19 09:00:45.520163+00	2025-07-05	10000.00	bank		BY NEFT	54	3
46	139	2026-04-19 09:00:45.52069+00	2026-04-19 09:00:45.520693+00	2025-07-06	7382.00	bank		BY NEFT	54	3
47	141	2026-04-19 09:00:45.521723+00	2026-04-19 09:00:45.521725+00	2025-08-07	6742.00	bank		BY NEFT	54	3
48	144	2026-04-19 09:00:45.523258+00	2026-04-19 09:00:45.523261+00	2025-11-12	15624.00	bank		BY TRF	54	3
49	146	2026-04-19 09:00:45.524289+00	2026-04-19 09:00:45.524292+00	2025-12-17	7044.00	bank		BY TRF	54	3
50	147	2026-04-19 09:00:45.524825+00	2026-04-19 09:00:45.524827+00	2025-12-25	4554.00	bank		BY TRF	54	3
51	149	2026-04-19 09:00:45.526495+00	2026-04-19 09:00:45.526501+00	2026-01-31	14798.00	bank		BY TRF	54	3
52	151	2026-04-19 09:00:45.527946+00	2026-04-19 09:00:45.527949+00	2026-02-11	6938.00	bank		BY TRF	54	3
53	154	2026-04-19 09:00:45.5299+00	2026-04-19 09:00:45.529902+00	2026-03-16	10852.00	bank		BY TRF	54	3
54	164	2026-04-19 09:00:45.535324+00	2026-04-19 09:00:45.535326+00	2025-07-16	59517.00	bank		BY NEFT	55	3
55	168	2026-04-19 09:00:45.538544+00	2026-04-19 09:00:45.538547+00	2025-10-17	36714.00	cheque		BY Ch.No. TRF	55	3
56	171	2026-04-19 09:00:45.540272+00	2026-04-19 09:00:45.540275+00	2026-01-02	21033.00	bank		BY TRF	55	3
57	180	2026-04-19 09:00:45.545321+00	2026-04-19 09:00:45.545324+00	2025-05-24	31368.00	cheque		BY Ch.No. TRF	56	3
58	189	2026-04-19 09:00:45.551115+00	2026-04-19 09:00:45.551121+00	2025-07-07	15541.00	bank		BY NEFT	56	3
59	195	2026-04-19 09:00:45.554633+00	2026-04-19 09:00:45.554635+00	2025-07-28	31503.00	bank		BY NEFT	56	3
60	201	2026-04-19 09:00:45.557962+00	2026-04-19 09:00:45.557965+00	2025-09-05	31924.00	bank		BY TRF	56	3
61	207	2026-04-19 09:00:45.562077+00	2026-04-19 09:00:45.562081+00	2025-10-16	15208.00	cheque		BY Ch.No. TRF	56	3
62	210	2026-04-19 09:00:45.563722+00	2026-04-19 09:00:45.563725+00	2025-11-13	14558.00	cheque		BY Ch.No. TRF	56	3
63	212	2026-04-19 09:00:45.564834+00	2026-04-19 09:00:45.564836+00	2025-12-17	5644.00	bank		BY TRF	56	3
64	216	2026-04-19 09:00:45.567047+00	2026-04-19 09:00:45.567049+00	2026-02-07	17971.00	bank		BY TRF	56	3
65	227	2026-04-19 09:00:45.571929+00	2026-04-19 09:00:45.571931+00	2026-02-27	600.00	adjustment		BY R/D	58	3
66	230	2026-04-19 09:00:45.573542+00	2026-04-19 09:00:45.573545+00	2026-03-03	882.00	adjustment		BY R/D	58	3
67	240	2026-04-19 09:00:45.579825+00	2026-04-19 09:00:45.579828+00	2026-03-31	15149.00	bank		BY TRF	58	3
68	245	2026-04-19 09:00:45.583099+00	2026-04-19 09:00:45.583102+00	2025-04-05	15968.00	bank		BY NEFT	59	3
69	246	2026-04-19 09:00:45.583592+00	2026-04-19 09:00:45.583594+00	2025-04-15	24106.00	bank		BY NEFT	59	3
70	250	2026-04-19 09:00:45.585684+00	2026-04-19 09:00:45.585687+00	2025-05-12	26966.00	bank		BY NEFT	59	3
71	251	2026-04-19 09:00:45.586192+00	2026-04-19 09:00:45.586195+00	2025-05-12	28861.00	bank		BY NEFT	59	3
72	255	2026-04-19 09:00:45.588303+00	2026-04-19 09:00:45.588306+00	2025-05-16	13314.00	cheque		BY Ch.No. TRF	59	3
73	258	2026-04-19 09:00:45.589884+00	2026-04-19 09:00:45.589887+00	2025-05-22	17527.00	cheque		BY Ch.No. TRF	59	3
74	260	2026-04-19 09:00:45.590951+00	2026-04-19 09:00:45.590954+00	2025-06-20	25795.00	cheque		BY Ch.No. TRF	59	3
75	267	2026-04-19 09:00:45.595393+00	2026-04-19 09:00:45.595396+00	2025-07-21	13127.00	bank		BY NEFT	59	3
76	271	2026-04-19 09:00:45.597514+00	2026-04-19 09:00:45.597517+00	2025-07-30	18309.00	bank		BY NEFT	59	3
77	275	2026-04-19 09:00:45.59978+00	2026-04-19 09:00:45.599782+00	2025-09-05	13305.00	bank		BY TRF	59	3
78	276	2026-04-19 09:00:45.600298+00	2026-04-19 09:00:45.6003+00	2025-09-18	11586.00	bank		BY TRF	59	3
79	278	2026-04-19 09:00:45.601679+00	2026-04-19 09:00:45.601681+00	2025-09-25	10264.00	bank		BY TRF	59	3
80	281	2026-04-19 09:00:45.604133+00	2026-04-19 09:00:45.604137+00	2025-10-10	9314.00	cheque		BY Ch.No. TRF	59	3
81	282	2026-04-19 09:00:45.604844+00	2026-04-19 09:00:45.604847+00	2025-10-16	27504.00	cheque		BY Ch.No. TRF	59	3
82	285	2026-04-19 09:00:45.606674+00	2026-04-19 09:00:45.606677+00	2025-11-20	20000.00	cheque		BY Ch.No. TRF	59	3
83	290	2026-04-19 09:00:45.609455+00	2026-04-19 09:00:45.609458+00	2025-12-30	17398.00	bank		BY TRF	59	3
84	291	2026-04-19 09:00:45.609951+00	2026-04-19 09:00:45.609954+00	2025-12-30	16675.00	bank		BY TRF	59	3
85	295	2026-04-19 09:00:45.612009+00	2026-04-19 09:00:45.612012+00	2026-01-28	18145.00	bank		BY TRF	59	3
86	297	2026-04-19 09:00:45.613486+00	2026-04-19 09:00:45.613488+00	2026-02-13	21494.00	bank		BY TRF	59	3
87	300	2026-04-19 09:00:45.615045+00	2026-04-19 09:00:45.615047+00	2026-03-02	13085.00	bank		BY TRF	59	3
88	310	2026-04-19 09:00:45.619914+00	2026-04-19 09:00:45.619917+00	2025-04-23	29194.00	bank		BY NEFT	60	3
89	312	2026-04-19 09:00:45.620982+00	2026-04-19 09:00:45.620984+00	2025-06-20	38389.00	cheque		BY Ch.No. TRF	60	3
90	321	2026-04-19 09:00:45.626512+00	2026-04-19 09:00:45.626515+00	2025-04-19	76850.00	bank		BY NEFT	61	3
91	324	2026-04-19 09:00:45.628049+00	2026-04-19 09:00:45.628051+00	2025-05-12	40000.00	cheque		BY Ch.No. TRF	61	3
92	328	2026-04-19 09:00:45.630162+00	2026-04-19 09:00:45.630164+00	2025-06-03	19000.00	cheque		BY Ch.No. TRF	61	3
93	333	2026-04-19 09:00:45.632918+00	2026-04-19 09:00:45.63292+00	2025-06-11	26293.00	cheque	035548	BY Ch.No. 035548	61	3
94	336	2026-04-19 09:00:45.634509+00	2026-04-19 09:00:45.634511+00	2025-06-25	50000.00	bank		BY NEFT	61	3
95	345	2026-04-19 09:00:45.63935+00	2026-04-19 09:00:45.639353+00	2025-07-28	50000.00	bank		BY NEFT	61	3
96	359	2026-04-19 09:00:45.648102+00	2026-04-19 09:00:45.648105+00	2025-09-06	90000.00	bank		BY TRF	61	3
97	366	2026-04-19 09:00:45.652293+00	2026-04-19 09:00:45.652304+00	2025-10-10	60000.00	cheque		BY Ch.No. trf	61	3
98	379	2026-04-19 09:00:45.660306+00	2026-04-19 09:00:45.660309+00	2025-11-24	70000.00	cheque		BY Ch.No. TRF	61	3
99	388	2026-04-19 09:00:45.665927+00	2026-04-19 09:00:45.665929+00	2025-12-10	100000.00	bank		BY TRF	61	3
100	400	2026-04-19 09:00:45.672719+00	2026-04-19 09:00:45.672725+00	2026-01-27	100000.00	bank		BY TRF	61	3
101	414	2026-04-19 09:00:45.6807+00	2026-04-19 09:00:45.680703+00	2026-03-14	150000.00	bank		BY TRF	61	3
102	425	2026-04-19 09:00:45.686669+00	2026-04-19 09:00:45.686671+00	2025-09-23	35080.00	bank		BY TRF	62	3
103	437	2026-04-19 09:00:45.693906+00	2026-04-19 09:00:45.69391+00	2025-12-31	50000.00	bank		BY TRF	62	3
104	441	2026-04-19 09:00:45.696112+00	2026-04-19 09:00:45.696115+00	2026-01-15	50000.00	bank		BY TRF	62	3
\.


--
-- Data for Name: governance_approvalrequest; Type: TABLE DATA; Schema: public; Owner: erp
--

COPY public.governance_approvalrequest (id, object_id, action_type, status, before_snapshot, after_snapshot, metadata, reason, comments, upload, created_at, updated_at, approved_at, rejected_at, executed_at, execution_error, approved_by_id, content_type_id, submitted_by_id) FROM stdin;
\.


--
-- Data for Name: governance_auditevent; Type: TABLE DATA; Schema: public; Owner: erp
--

COPY public.governance_auditevent (id, event_type, object_id, object_repr, before_snapshot, after_snapshot, metadata, occurred_at, actor_id, approval_request_id, content_type_id, migration_batch_id) FROM stdin;
\.


--
-- Data for Name: governance_backupsnapshot; Type: TABLE DATA; Schema: public; Owner: erp
--

COPY public.governance_backupsnapshot (id, backup_type, file_path, file_size, status, created_at, restored_at, notes, created_by_id) FROM stdin;
1	manual	/app/backups/db_20260419_183456.sql	0	pending	2026-04-19 18:34:56.73193+00	\N	post-governance smoke backup	\N
\.


--
-- Data for Name: masters_party; Type: TABLE DATA; Schema: public; Owner: erp
--

COPY public.masters_party (id, name, contact_person, phone, gst_number, address, is_active, source_row_number, created_at, updated_at, source_batch_id) FROM stdin;
43	AGARWAL IRON INDUSTRIES					t	1	2026-04-19 09:00:45.432792+00	2026-04-19 09:00:45.432798+00	3
44	DERBY INDUSTRIES.					t	1	2026-04-19 09:00:45.433783+00	2026-04-19 09:00:45.433786+00	3
45	FITWELL FASTNERS & FITTING INDUSTRIES					t	1	2026-04-19 09:00:45.434144+00	2026-04-19 09:00:45.434147+00	3
46	GINTER FORGING P. LTD.					t	1	2026-04-19 09:00:45.434508+00	2026-04-19 09:00:45.434511+00	3
47	K.V.ENTERPRISES					t	1	2026-04-19 09:00:45.434826+00	2026-04-19 09:00:45.434829+00	3
48	KAPOOR SONS					t	1	2026-04-19 09:00:45.435133+00	2026-04-19 09:00:45.435135+00	3
49	KIC					t	1	2026-04-19 09:00:45.436057+00	2026-04-19 09:00:45.436065+00	3
50	KIRTAN					t	1	2026-04-19 09:00:45.436637+00	2026-04-19 09:00:45.43664+00	3
51	KOMAL INDUSTRIAL					t	1	2026-04-19 09:00:45.436989+00	2026-04-19 09:00:45.436992+00	3
52	LAKSHMI STEELS					t	1	2026-04-19 09:00:45.437313+00	2026-04-19 09:00:45.437315+00	3
53	LOYAL ENTERPRISES					t	1	2026-04-19 09:00:45.437665+00	2026-04-19 09:00:45.437667+00	3
54	M.J.H SPCIAL STEEL					t	1	2026-04-19 09:00:45.437987+00	2026-04-19 09:00:45.437989+00	3
55	MALHOTRA INDL. CORPN.					t	1	2026-04-19 09:00:45.438353+00	2026-04-19 09:00:45.438355+00	3
56	N.P.FASTNERS					t	1	2026-04-19 09:00:45.438685+00	2026-04-19 09:00:45.438688+00	3
57	NAMDHARI INDUSTRIAL TRADERS PVT.LTD.					t	1	2026-04-19 09:00:45.439006+00	2026-04-19 09:00:45.439009+00	3
58	PRECISION AUTO FASTNERS					t	1	2026-04-19 09:00:45.439373+00	2026-04-19 09:00:45.439375+00	3
59	PREMCO INDIA EXIM PVT. LTD.					t	1	2026-04-19 09:00:45.439694+00	2026-04-19 09:00:45.439696+00	3
60	RADHA INDUSTRIES					t	1	2026-04-19 09:00:45.440016+00	2026-04-19 09:00:45.440019+00	3
61	RANJIT ENTERPRISES					t	1	2026-04-19 09:00:45.440599+00	2026-04-19 09:00:45.440604+00	3
62	SOND NUT & BOLT.					t	1	2026-04-19 09:00:45.441047+00	2026-04-19 09:00:45.44105+00	3
63	UDEHRA FASTNERS					t	1	2026-04-19 09:00:45.441414+00	2026-04-19 09:00:45.441417+00	3
\.


--
-- Data for Name: migration_app_migrationbatch; Type: TABLE DATA; Schema: public; Owner: erp
--

COPY public.migration_app_migrationbatch (id, source_file_name, upload, uploaded_at, imported_at, status, import_type, file_type, row_count, success_count, error_count, triggered_by_id, rollback_notes, rolled_back_at, rolled_back_by_id) FROM stdin;
3	production_dashboard_4.xlsx	imports/2026/04/19/production_dashboard_4_cdO9yuk.xlsx	2026-04-19 09:00:45.426432+00	2026-04-19 09:00:45.426242+00	imported	production_dashboard_workbook	xlsx	569	569	0	\N		\N	\N
\.


--
-- Data for Name: migration_app_migrationmappingprofile; Type: TABLE DATA; Schema: public; Owner: erp
--

COPY public.migration_app_migrationmappingprofile (id, import_type, name, column_mapping_config, is_default) FROM stdin;
\.


--
-- Data for Name: migration_app_migrationrowerror; Type: TABLE DATA; Schema: public; Owner: erp
--

COPY public.migration_app_migrationrowerror (id, row_number, sheet_name, raw_payload, error_message, batch_id) FROM stdin;
\.


--
-- Data for Name: production_challan; Type: TABLE DATA; Schema: public; Owner: erp
--

COPY public.production_challan (id, challan_number, challan_date, job_description, job_type, direction, weight_kg, amount, remarks, source_row_number, created_at, updated_at, party_id, source_batch_id) FROM stdin;
1		2026-02-28	washer - 20m, 22m	Production dashboard import	OUT	450.00	3716.00	Source row 1.0 | Rate: 8.26	2	2026-04-19 09:00:45.714876+00	2026-04-19 09:00:45.714879+00	45	3
2		2026-03-02	hex nut - 14m	Production dashboard import	OUT	315.00	2601.00	Source row 2.0 | Rate: 8.26	3	2026-04-19 09:00:45.715867+00	2026-04-19 09:00:45.715869+00	58	3
3		2026-03-02	24m nut, 20m nut	Production dashboard import	OUT	3931.00	32471.00	Source row 3.0 | Rate: 8.26	4	2026-04-19 09:00:45.716416+00	2026-04-19 09:00:45.716418+00	53	3
4		2026-03-02	bolt	Production dashboard import	OUT	301.00	3197.00	Source row 4.0 | Rate: 10.62	5	2026-04-19 09:00:45.716952+00	2026-04-19 09:00:45.716954+00	59	3
5		2026-03-03	22m, 30m lock/wheel nut	Production dashboard import	OUT	596.00	4922.00	Source row 5.0 | Rate: 8.26	6	2026-04-19 09:00:45.717478+00	2026-04-19 09:00:45.71748+00	58	3
6		2026-03-06	bolt	Production dashboard import	OUT	1250.00	11800.00	Source row 6.0 | Rate: 9.44	7	2026-04-19 09:00:45.718007+00	2026-04-19 09:00:45.71801+00	59	3
7		2026-03-07	hex nut - 36m	Production dashboard import	OUT	1396.00	13960.00	Source row 7.0 | Rate: 10	8	2026-04-19 09:00:45.718516+00	2026-04-19 09:00:45.718518+00	55	3
8		2026-03-10	hex nut - 30m	Production dashboard import	OUT	2710.00	22384.00	Source row 8.0 | Rate: 8.26	9	2026-04-19 09:00:45.719029+00	2026-04-19 09:00:45.719031+00	63	3
9		2026-03-10	hex nut - 22,20,14,10m	Production dashboard import	OUT	1015.00	8383.00	Source row 9.0 | Rate: 8.26	10	2026-04-19 09:00:45.719578+00	2026-04-19 09:00:45.71958+00	58	3
10		2026-03-12	nut - sl, lock - 20,18m	Production dashboard import	OUT	717.50	6774.00	Source row 10.0 | Rate: 9.44	11	2026-04-19 09:00:45.720083+00	2026-04-19 09:00:45.720085+00	47	3
11		2026-03-12	f/n - 10m	Production dashboard import	OUT	383.00	3163.00	Source row 11.0 | Rate: 8.26	12	2026-04-19 09:00:45.720617+00	2026-04-19 09:00:45.72062+00	58	3
12		2026-03-12	hex nut - 30m	Production dashboard import	OUT	2700.00	22302.00	Source row 12.0 | Rate: 8.26	13	2026-04-19 09:00:45.721138+00	2026-04-19 09:00:45.72114+00	63	3
13		2026-03-13	d ring	Production dashboard import	OUT	2550.00	22567.00	Source row 13.0 | Rate: 8.85	14	2026-04-19 09:00:45.721651+00	2026-04-19 09:00:45.721653+00	46	3
14		2026-03-13	lock nut, sl nut - 24m	Production dashboard import	OUT	645.00	6088.00	Source row 14.0 | Rate: 9.44	15	2026-04-19 09:00:45.722166+00	2026-04-19 09:00:45.722168+00	47	3
15		2026-03-14	hex screw - 16x100m	Production dashboard import	OUT	300.00	3186.00	Source row 15.0 | Rate: 10.62	16	2026-04-19 09:00:45.723106+00	2026-04-19 09:00:45.723112+00	58	3
16		2026-03-14	bolt - 36x190m	Production dashboard import	OUT	410.00	5079.00	Source row 16.0 | Rate: 12.39	17	2026-04-19 09:00:45.723925+00	2026-04-19 09:00:45.723929+00	57	3
17		2026-03-16	d ring	Production dashboard import	OUT	2550.00	22567.00	Source row 17.0 | Rate: 8.85	18	2026-04-19 09:00:45.724617+00	2026-04-19 09:00:45.724619+00	46	3
18		2026-03-17	hex nut - 22m	Production dashboard import	OUT	220.00	1818.00	Source row 18.0 | Rate: 8.26	19	2026-04-19 09:00:45.725142+00	2026-04-19 09:00:45.725145+00	58	3
19		2026-03-17	screw big/small	Production dashboard import	OUT	1694.00	14991.00	Source row 19.0 | Rate: 8.85	20	2026-04-19 09:00:45.725668+00	2026-04-19 09:00:45.72567+00	46	3
20		2026-03-18	bolt - 36x190m	Production dashboard import	OUT	1120.00	13876.00	Source row 20.0 | Rate: 12.39	21	2026-04-19 09:00:45.726196+00	2026-04-19 09:00:45.726199+00	57	3
21		2026-03-18	bolt and nut	Production dashboard import	OUT	1545.00	18230.00	Source row 21.0 | Rate: 11.8	22	2026-04-19 09:00:45.726733+00	2026-04-19 09:00:45.726736+00	43	3
22		2026-03-19	bolt	Production dashboard import	OUT	1940.00	24036.00	Source row 22.0 | Rate: 12.39	23	2026-04-19 09:00:45.727249+00	2026-04-19 09:00:45.727252+00	57	3
23		2026-03-20	d ring	Production dashboard import	OUT	2875.00	25444.00	Source row 23.0 | Rate: 8.85	24	2026-04-19 09:00:45.72777+00	2026-04-19 09:00:45.727772+00	46	3
24		2026-03-20	nut - 16m	Production dashboard import	OUT	501.00	4139.00	Source row 24.0 | Rate: 8.26	25	2026-04-19 09:00:45.728306+00	2026-04-19 09:00:45.728309+00	58	3
25		2026-03-21	d ring	Production dashboard import	OUT	3885.00	34381.00	Source row 25.0 | Rate: 8.85	26	2026-04-19 09:00:45.728822+00	2026-04-19 09:00:45.728824+00	46	3
26		2026-03-21	bolt, stud, nut	Production dashboard import	OUT	1850.00	21298.00	Source row 26.0 | Rate: 11.51	27	2026-04-19 09:00:45.729376+00	2026-04-19 09:00:45.729379+00	43	3
27		2026-03-21	bolt - 10x35, 10x30, 10x60m	Production dashboard import	OUT	3353.00	39566.00	Source row 27.0 | Rate: 11.8	28	2026-04-19 09:00:45.729895+00	2026-04-19 09:00:45.729898+00	50	3
28		2026-03-21	sl - 18,24, 18m	Production dashboard import	OUT	460.00	6476.00	Source row 28.0 | Rate: 8.0	29	2026-04-19 09:00:45.730436+00	2026-04-19 09:00:45.730438+00	47	3
29		2026-03-23	-	Production dashboard import	OUT	4146.50	48929.00	Source row 29.0 | Rate: 10.0	30	2026-04-19 09:00:45.730945+00	2026-04-19 09:00:45.730948+00	51	3
30		2026-03-23	-	Production dashboard import	OUT	3023.00	32105.00	Source row 30.0 | Rate: 9.0	31	2026-04-19 09:00:45.731463+00	2026-04-19 09:00:45.731465+00	58	3
31		2026-03-24	-	Production dashboard import	OUT	903.00	9589.00	Source row 31.0 | Rate: 10.62	32	2026-04-19 09:00:45.731974+00	2026-04-19 09:00:45.731976+00	45	3
32		2026-03-24	-	Production dashboard import	OUT	1790.50	21127.00	Source row 32.0 | Rate: 11.8	33	2026-04-19 09:00:45.732729+00	2026-04-19 09:00:45.732732+00	51	3
33		2026-03-24	-	Production dashboard import	OUT	5094.00	60110.00	Source row 33.0 | Rate: 11.8	34	2026-04-19 09:00:45.733323+00	2026-04-19 09:00:45.733325+00	51	3
34		2026-03-25	-	Production dashboard import	OUT	2373.00	21001.00	Source row 34.0 | Rate: 8.85	35	2026-04-19 09:00:45.733842+00	2026-04-19 09:00:45.733844+00	46	3
35		2026-03-25	-	Production dashboard import	OUT	3000.00	17700.00	Source row 35.0 | Rate: 5.9	36	2026-04-19 09:00:45.734343+00	2026-04-19 09:00:45.734345+00	46	3
36		2026-03-25	-	Production dashboard import	OUT	1730.00	17351.00	Source row 36.0 | Rate: 10.03	37	2026-04-19 09:00:45.734855+00	2026-04-19 09:00:45.734857+00	43	3
37		2026-03-26	-	Production dashboard import	OUT	2900.00	35930.00	Source row 37.0 | Rate: 12.39	38	2026-04-19 09:00:45.735367+00	2026-04-19 09:00:45.735369+00	57	3
38		2026-03-26	-	Production dashboard import	OUT	1525.00	17994.00	Source row 38.0 | Rate: 11.8	39	2026-04-19 09:00:45.735866+00	2026-04-19 09:00:45.735868+00	51	3
39		2026-03-26	-	Production dashboard import	OUT	2500.00	26550.00	Source row 39.0 | Rate: 10.62	40	2026-04-19 09:00:45.736398+00	2026-04-19 09:00:45.736401+00	45	3
40		2026-03-27	-	Production dashboard import	OUT	1105.00	11735.00	Source row 40.0 | Rate: 10.62	41	2026-04-19 09:00:45.736907+00	2026-04-19 09:00:45.736909+00	58	3
41		2026-03-27	-	Production dashboard import	OUT	625.00	5163.00	Source row 41.0 | Rate: 8.26	42	2026-04-19 09:00:45.737443+00	2026-04-19 09:00:45.737446+00	58	3
42		2026-03-27	-	Production dashboard import	OUT	2825.00	16963.00	Source row 42.0 | Rate: 6	43	2026-04-19 09:00:45.737964+00	2026-04-19 09:00:45.737967+00	46	3
43		2026-03-30	-	Production dashboard import	OUT	2079.00	13219.00	Source row 43.0 | Rate: 6.36	44	2026-04-19 09:00:45.73849+00	2026-04-19 09:00:45.738493+00	43	3
44		2026-03-30	-	Production dashboard import	OUT	1300.00	15340.00	Source row 44.0 | Rate: 11.8	45	2026-04-19 09:00:45.739023+00	2026-04-19 09:00:45.739025+00	51	3
45		2026-03-30	-	Production dashboard import	OUT	3330.00	41259.00	Source row 45.0 | Rate: 12.39	46	2026-04-19 09:00:45.739535+00	2026-04-19 09:00:45.739537+00	57	3
46		2026-03-31	bolt	Production dashboard import	OUT	2890.00	35807.00	Source row 46.0 | Rate: 12.39	47	2026-04-19 09:00:45.740045+00	2026-04-19 09:00:45.740047+00	57	3
47		2026-03-31	bolt	Production dashboard import	OUT	1580.00	18644.00	Source row 47.0 | Rate: 11.8	48	2026-04-19 09:00:45.740588+00	2026-04-19 09:00:45.74059+00	60	3
48		2026-03-31	D ring	Production dashboard import	OUT	3106.00	27487.00	Source row 48.0 | Rate: 8.85	49	2026-04-19 09:00:45.741894+00	2026-04-19 09:00:45.741901+00	46	3
49		2026-04-01	-	Production dashboard import	OUT	2130.00	17594.00	Source row 49.0 | Rate: 8.26	50	2026-04-19 09:00:45.742712+00	2026-04-19 09:00:45.742715+00	45	3
50		2026-04-01	tooth	Production dashboard import	OUT	704.60	8314.00	Source row 50.0 | Rate: 11.8	51	2026-04-19 09:00:45.74328+00	2026-04-19 09:00:45.743283+00	55	3
51		2026-04-01	n/b/w	Production dashboard import	OUT	1534.60	18102.00	Source row 51.0 | Rate: 11.8	52	2026-04-19 09:00:45.744113+00	2026-04-19 09:00:45.744116+00	55	3
52		2026-04-01	-	Production dashboard import	OUT	1252.00	10890.00	Source row 52.0 | Rate: 8.7	53	2026-04-19 09:00:45.744701+00	2026-04-19 09:00:45.744703+00	58	3
53		2026-04-01	-	Production dashboard import	OUT	701.00	6203.00	Source row 53.0 | Rate: 8.85	54	2026-04-19 09:00:45.745195+00	2026-04-19 09:00:45.745198+00	46	3
54		2026-04-01	-	Production dashboard import	OUT	477.00	4929.00	Source row 54.0 | Rate: 10.33	55	2026-04-19 09:00:45.745729+00	2026-04-19 09:00:45.745732+00	58	3
55		2026-04-04	-	Production dashboard import	OUT	2695.00	25440.00	Source row 55.0 | Rate: 9.44	56	2026-04-19 09:00:45.746253+00	2026-04-19 09:00:45.746255+00	49	3
56		2026-04-04	-	Production dashboard import	OUT	1275.00	12036.00	Source row 56.0 | Rate: 9.44	57	2026-04-19 09:00:45.746778+00	2026-04-19 09:00:45.74678+00	45	3
57		2026-04-04	-	Production dashboard import	OUT	1380.00	11398.00	Source row 57.0 | Rate: 8.26	58	2026-04-19 09:00:45.747304+00	2026-04-19 09:00:45.747307+00	45	3
58		2026-04-04	-	Production dashboard import	OUT	1037.00	8565.00	Source row 58.0 | Rate: 8.26	59	2026-04-19 09:00:45.747835+00	2026-04-19 09:00:45.747838+00	58	3
59		2026-04-04	-	Production dashboard import	OUT	1245.00	11752.00	Source row 59.0 | Rate: 9.44	60	2026-04-19 09:00:45.748903+00	2026-04-19 09:00:45.748909+00	49	3
60		2026-04-06	-	Production dashboard import	OUT	400.00	4248.00	Source row 60.0 | Rate: 10.62	61	2026-04-19 09:00:45.749489+00	2026-04-19 09:00:45.749492+00	58	3
61		2026-04-06	-	Production dashboard import	OUT	250.00	2064.00	Source row 61.0 | Rate: 8.26	62	2026-04-19 09:00:45.750023+00	2026-04-19 09:00:45.750025+00	58	3
62		2026-04-06	-	Production dashboard import	OUT	396.00	4672.00	Source row 62.0 | Rate: 11.8	63	2026-04-19 09:00:45.750559+00	2026-04-19 09:00:45.750562+00	55	3
63		2026-04-06	-	Production dashboard import	OUT	1112.00	9842.00	Source row 63.0 | Rate: 8.85	64	2026-04-19 09:00:45.751075+00	2026-04-19 09:00:45.751078+00	46	3
64		2026-04-06	-	Production dashboard import	OUT	1218.00	12934.00	Source row 64.0 | Rate: 10.62	65	2026-04-19 09:00:45.751589+00	2026-04-19 09:00:45.751592+00	58	3
65		2026-04-07	-	Production dashboard import	OUT	3050.00	30591.00	Source row 65.0 | Rate: 10.03	66	2026-04-19 09:00:45.752095+00	2026-04-19 09:00:45.752097+00	57	3
66		2026-04-07	-	Production dashboard import	OUT	1492.00	17606.00	Source row 66.0 | Rate: 11.8	67	2026-04-19 09:00:45.752608+00	2026-04-19 09:00:45.752611+00	51	3
67		2026-04-11	-	Production dashboard import	OUT	3120.00	18408.00	Source row 67.0 | Rate: 5.9	68	2026-04-19 09:00:45.753115+00	2026-04-19 09:00:45.753117+00	46	3
68		2026-04-11	-	Production dashboard import	OUT	1688.00	13942.00	Source row 68.0 | Rate: 8.26	69	2026-04-19 09:00:45.753628+00	2026-04-19 09:00:45.753631+00	58	3
69		2026-04-11	-	Production dashboard import	OUT	2706.00	22352.00	Source row 69.0 | Rate: 8.26	70	2026-04-19 09:00:45.754234+00	2026-04-19 09:00:45.754237+00	58	3
70		2026-04-11	-	Production dashboard import	OUT	1000.00	8850.00	Source row 70.0 | Rate: 8.85	71	2026-04-19 09:00:45.754745+00	2026-04-19 09:00:45.754747+00	59	3
71		2026-04-11	-	Production dashboard import	OUT	2928.50	34557.00	Source row 71.0 | Rate: 11.8	72	2026-04-19 09:00:45.75528+00	2026-04-19 09:00:45.755282+00	51	3
72		2026-04-11	-	Production dashboard import	OUT	1150.00	13570.00	Source row 72.0 | Rate: 11.8	73	2026-04-19 09:00:45.755813+00	2026-04-19 09:00:45.755815+00	49	3
73		2026-04-13	-	Production dashboard import	OUT	2040.00	18054.00	Source row 73.0 | Rate: 8.85	74	2026-04-19 09:00:45.756336+00	2026-04-19 09:00:45.756338+00	46	3
74		2026-04-13	-	Production dashboard import	OUT	618.00	6562.00	Source row 74.0 | Rate: 10.62	75	2026-04-19 09:00:45.756844+00	2026-04-19 09:00:45.756847+00	58	3
75		2026-04-13	-	Production dashboard import	OUT	953.00	8933.00	Source row 75.0 | Rate: 9.37	76	2026-04-19 09:00:45.757403+00	2026-04-19 09:00:45.757406+00	58	3
76		2026-04-13	-	Production dashboard import	OUT	2000.00	20060.00	Source row 76.0 | Rate: 10.03	77	2026-04-19 09:00:45.758053+00	2026-04-19 09:00:45.758058+00	57	3
77		2026-04-13	-	Production dashboard import	OUT	1045.00	8631.00	Source row 77.0 | Rate: 8.26	78	2026-04-19 09:00:45.759106+00	2026-04-19 09:00:45.759111+00	58	3
78		2026-04-16	-	Production dashboard import	OUT	3230.00	28585.00	Source row 78.0 | Rate: 8.85	79	2026-04-19 09:00:45.759822+00	2026-04-19 09:00:45.759825+00	46	3
79		2026-04-16	-	Production dashboard import	OUT	2071.00	21993.00	Source row 79.0 | Rate: 10.62	80	2026-04-19 09:00:45.760501+00	2026-04-19 09:00:45.760504+00	58	3
80		2026-04-16	-	Production dashboard import	OUT	527.00	6218.00	Source row 80.0 | Rate: 11.8	81	2026-04-19 09:00:45.761162+00	2026-04-19 09:00:45.761166+00	60	3
81		2026-04-16	-	Production dashboard import	OUT	704.00	4932.00	Source row 81.0 | Rate: 7.01	82	2026-04-19 09:00:45.761925+00	2026-04-19 09:00:45.761928+00	44	3
82		2026-04-16	-	Production dashboard import	OUT	482.00	5688.00	Source row 82.0 | Rate: 11.8	83	2026-04-19 09:00:45.762475+00	2026-04-19 09:00:45.762477+00	60	3
83		2026-04-16	-	Production dashboard import	OUT	768.00	5380.00	Source row 83.0 | Rate: 7.01	84	2026-04-19 09:00:45.762997+00	2026-04-19 09:00:45.763+00	44	3
84		2026-04-18	-	Production dashboard import	OUT	3069.00	24469.00	Source row 84.0 | Rate: 7.97	85	2026-04-19 09:00:45.763549+00	2026-04-19 09:00:45.763552+00	46	3
85		2026-04-18	-	Production dashboard import	OUT	3546.00	31381.00	Source row 85.0 | Rate: 8.85	86	2026-04-19 09:00:45.76408+00	2026-04-19 09:00:45.764083+00	46	3
86		2026-04-18	-	Production dashboard import	OUT	9592.00	141482.00	Source row 86.0 | Rate: 14.75	87	2026-04-19 09:00:45.764606+00	2026-04-19 09:00:45.764608+00	48	3
\.


--
-- Name: auth_group_id_seq; Type: SEQUENCE SET; Schema: public; Owner: erp
--

SELECT pg_catalog.setval('public.auth_group_id_seq', 4, true);


--
-- Name: auth_group_permissions_id_seq; Type: SEQUENCE SET; Schema: public; Owner: erp
--

SELECT pg_catalog.setval('public.auth_group_permissions_id_seq', 88, true);


--
-- Name: auth_permission_id_seq; Type: SEQUENCE SET; Schema: public; Owner: erp
--

SELECT pg_catalog.setval('public.auth_permission_id_seq', 74, true);


--
-- Name: auth_user_groups_id_seq; Type: SEQUENCE SET; Schema: public; Owner: erp
--

SELECT pg_catalog.setval('public.auth_user_groups_id_seq', 1, false);


--
-- Name: auth_user_id_seq; Type: SEQUENCE SET; Schema: public; Owner: erp
--

SELECT pg_catalog.setval('public.auth_user_id_seq', 1, true);


--
-- Name: auth_user_user_permissions_id_seq; Type: SEQUENCE SET; Schema: public; Owner: erp
--

SELECT pg_catalog.setval('public.auth_user_user_permissions_id_seq', 1, false);


--
-- Name: django_admin_log_id_seq; Type: SEQUENCE SET; Schema: public; Owner: erp
--

SELECT pg_catalog.setval('public.django_admin_log_id_seq', 1, false);


--
-- Name: django_content_type_id_seq; Type: SEQUENCE SET; Schema: public; Owner: erp
--

SELECT pg_catalog.setval('public.django_content_type_id_seq', 17, true);


--
-- Name: django_migrations_id_seq; Type: SEQUENCE SET; Schema: public; Owner: erp
--

SELECT pg_catalog.setval('public.django_migrations_id_seq', 25, true);


--
-- Name: finance_invoice_id_seq; Type: SEQUENCE SET; Schema: public; Owner: erp
--

SELECT pg_catalog.setval('public.finance_invoice_id_seq', 429, true);


--
-- Name: finance_openingbalance_id_seq; Type: SEQUENCE SET; Schema: public; Owner: erp
--

SELECT pg_catalog.setval('public.finance_openingbalance_id_seq', 12, true);


--
-- Name: finance_payment_id_seq; Type: SEQUENCE SET; Schema: public; Owner: erp
--

SELECT pg_catalog.setval('public.finance_payment_id_seq', 104, true);


--
-- Name: governance_approvalrequest_id_seq; Type: SEQUENCE SET; Schema: public; Owner: erp
--

SELECT pg_catalog.setval('public.governance_approvalrequest_id_seq', 1, false);


--
-- Name: governance_auditevent_id_seq; Type: SEQUENCE SET; Schema: public; Owner: erp
--

SELECT pg_catalog.setval('public.governance_auditevent_id_seq', 1, false);


--
-- Name: governance_backupsnapshot_id_seq; Type: SEQUENCE SET; Schema: public; Owner: erp
--

SELECT pg_catalog.setval('public.governance_backupsnapshot_id_seq', 1, true);


--
-- Name: masters_party_id_seq; Type: SEQUENCE SET; Schema: public; Owner: erp
--

SELECT pg_catalog.setval('public.masters_party_id_seq', 63, true);


--
-- Name: migration_app_migrationbatch_id_seq; Type: SEQUENCE SET; Schema: public; Owner: erp
--

SELECT pg_catalog.setval('public.migration_app_migrationbatch_id_seq', 3, true);


--
-- Name: migration_app_migrationmappingprofile_id_seq; Type: SEQUENCE SET; Schema: public; Owner: erp
--

SELECT pg_catalog.setval('public.migration_app_migrationmappingprofile_id_seq', 1, false);


--
-- Name: migration_app_migrationrowerror_id_seq; Type: SEQUENCE SET; Schema: public; Owner: erp
--

SELECT pg_catalog.setval('public.migration_app_migrationrowerror_id_seq', 1, false);


--
-- Name: production_challan_id_seq; Type: SEQUENCE SET; Schema: public; Owner: erp
--

SELECT pg_catalog.setval('public.production_challan_id_seq', 86, true);


--
-- Name: auth_group auth_group_name_key; Type: CONSTRAINT; Schema: public; Owner: erp
--

ALTER TABLE ONLY public.auth_group
    ADD CONSTRAINT auth_group_name_key UNIQUE (name);


--
-- Name: auth_group_permissions auth_group_permissions_group_id_permission_id_0cd325b0_uniq; Type: CONSTRAINT; Schema: public; Owner: erp
--

ALTER TABLE ONLY public.auth_group_permissions
    ADD CONSTRAINT auth_group_permissions_group_id_permission_id_0cd325b0_uniq UNIQUE (group_id, permission_id);


--
-- Name: auth_group_permissions auth_group_permissions_pkey; Type: CONSTRAINT; Schema: public; Owner: erp
--

ALTER TABLE ONLY public.auth_group_permissions
    ADD CONSTRAINT auth_group_permissions_pkey PRIMARY KEY (id);


--
-- Name: auth_group auth_group_pkey; Type: CONSTRAINT; Schema: public; Owner: erp
--

ALTER TABLE ONLY public.auth_group
    ADD CONSTRAINT auth_group_pkey PRIMARY KEY (id);


--
-- Name: auth_permission auth_permission_content_type_id_codename_01ab375a_uniq; Type: CONSTRAINT; Schema: public; Owner: erp
--

ALTER TABLE ONLY public.auth_permission
    ADD CONSTRAINT auth_permission_content_type_id_codename_01ab375a_uniq UNIQUE (content_type_id, codename);


--
-- Name: auth_permission auth_permission_pkey; Type: CONSTRAINT; Schema: public; Owner: erp
--

ALTER TABLE ONLY public.auth_permission
    ADD CONSTRAINT auth_permission_pkey PRIMARY KEY (id);


--
-- Name: auth_user_groups auth_user_groups_pkey; Type: CONSTRAINT; Schema: public; Owner: erp
--

ALTER TABLE ONLY public.auth_user_groups
    ADD CONSTRAINT auth_user_groups_pkey PRIMARY KEY (id);


--
-- Name: auth_user_groups auth_user_groups_user_id_group_id_94350c0c_uniq; Type: CONSTRAINT; Schema: public; Owner: erp
--

ALTER TABLE ONLY public.auth_user_groups
    ADD CONSTRAINT auth_user_groups_user_id_group_id_94350c0c_uniq UNIQUE (user_id, group_id);


--
-- Name: auth_user auth_user_pkey; Type: CONSTRAINT; Schema: public; Owner: erp
--

ALTER TABLE ONLY public.auth_user
    ADD CONSTRAINT auth_user_pkey PRIMARY KEY (id);


--
-- Name: auth_user_user_permissions auth_user_user_permissions_pkey; Type: CONSTRAINT; Schema: public; Owner: erp
--

ALTER TABLE ONLY public.auth_user_user_permissions
    ADD CONSTRAINT auth_user_user_permissions_pkey PRIMARY KEY (id);


--
-- Name: auth_user_user_permissions auth_user_user_permissions_user_id_permission_id_14a6b632_uniq; Type: CONSTRAINT; Schema: public; Owner: erp
--

ALTER TABLE ONLY public.auth_user_user_permissions
    ADD CONSTRAINT auth_user_user_permissions_user_id_permission_id_14a6b632_uniq UNIQUE (user_id, permission_id);


--
-- Name: auth_user auth_user_username_key; Type: CONSTRAINT; Schema: public; Owner: erp
--

ALTER TABLE ONLY public.auth_user
    ADD CONSTRAINT auth_user_username_key UNIQUE (username);


--
-- Name: django_admin_log django_admin_log_pkey; Type: CONSTRAINT; Schema: public; Owner: erp
--

ALTER TABLE ONLY public.django_admin_log
    ADD CONSTRAINT django_admin_log_pkey PRIMARY KEY (id);


--
-- Name: django_content_type django_content_type_app_label_model_76bd3d3b_uniq; Type: CONSTRAINT; Schema: public; Owner: erp
--

ALTER TABLE ONLY public.django_content_type
    ADD CONSTRAINT django_content_type_app_label_model_76bd3d3b_uniq UNIQUE (app_label, model);


--
-- Name: django_content_type django_content_type_pkey; Type: CONSTRAINT; Schema: public; Owner: erp
--

ALTER TABLE ONLY public.django_content_type
    ADD CONSTRAINT django_content_type_pkey PRIMARY KEY (id);


--
-- Name: django_migrations django_migrations_pkey; Type: CONSTRAINT; Schema: public; Owner: erp
--

ALTER TABLE ONLY public.django_migrations
    ADD CONSTRAINT django_migrations_pkey PRIMARY KEY (id);


--
-- Name: django_session django_session_pkey; Type: CONSTRAINT; Schema: public; Owner: erp
--

ALTER TABLE ONLY public.django_session
    ADD CONSTRAINT django_session_pkey PRIMARY KEY (session_key);


--
-- Name: finance_invoice finance_invoice_pkey; Type: CONSTRAINT; Schema: public; Owner: erp
--

ALTER TABLE ONLY public.finance_invoice
    ADD CONSTRAINT finance_invoice_pkey PRIMARY KEY (id);


--
-- Name: finance_openingbalance finance_openingbalance_pkey; Type: CONSTRAINT; Schema: public; Owner: erp
--

ALTER TABLE ONLY public.finance_openingbalance
    ADD CONSTRAINT finance_openingbalance_pkey PRIMARY KEY (id);


--
-- Name: finance_payment finance_payment_pkey; Type: CONSTRAINT; Schema: public; Owner: erp
--

ALTER TABLE ONLY public.finance_payment
    ADD CONSTRAINT finance_payment_pkey PRIMARY KEY (id);


--
-- Name: governance_approvalrequest governance_approvalrequest_pkey; Type: CONSTRAINT; Schema: public; Owner: erp
--

ALTER TABLE ONLY public.governance_approvalrequest
    ADD CONSTRAINT governance_approvalrequest_pkey PRIMARY KEY (id);


--
-- Name: governance_auditevent governance_auditevent_pkey; Type: CONSTRAINT; Schema: public; Owner: erp
--

ALTER TABLE ONLY public.governance_auditevent
    ADD CONSTRAINT governance_auditevent_pkey PRIMARY KEY (id);


--
-- Name: governance_backupsnapshot governance_backupsnapshot_pkey; Type: CONSTRAINT; Schema: public; Owner: erp
--

ALTER TABLE ONLY public.governance_backupsnapshot
    ADD CONSTRAINT governance_backupsnapshot_pkey PRIMARY KEY (id);


--
-- Name: masters_party masters_party_name_key; Type: CONSTRAINT; Schema: public; Owner: erp
--

ALTER TABLE ONLY public.masters_party
    ADD CONSTRAINT masters_party_name_key UNIQUE (name);


--
-- Name: masters_party masters_party_pkey; Type: CONSTRAINT; Schema: public; Owner: erp
--

ALTER TABLE ONLY public.masters_party
    ADD CONSTRAINT masters_party_pkey PRIMARY KEY (id);


--
-- Name: migration_app_migrationbatch migration_app_migrationbatch_pkey; Type: CONSTRAINT; Schema: public; Owner: erp
--

ALTER TABLE ONLY public.migration_app_migrationbatch
    ADD CONSTRAINT migration_app_migrationbatch_pkey PRIMARY KEY (id);


--
-- Name: migration_app_migrationmappingprofile migration_app_migrationm_import_type_name_6e1d4ea8_uniq; Type: CONSTRAINT; Schema: public; Owner: erp
--

ALTER TABLE ONLY public.migration_app_migrationmappingprofile
    ADD CONSTRAINT migration_app_migrationm_import_type_name_6e1d4ea8_uniq UNIQUE (import_type, name);


--
-- Name: migration_app_migrationmappingprofile migration_app_migrationmappingprofile_pkey; Type: CONSTRAINT; Schema: public; Owner: erp
--

ALTER TABLE ONLY public.migration_app_migrationmappingprofile
    ADD CONSTRAINT migration_app_migrationmappingprofile_pkey PRIMARY KEY (id);


--
-- Name: migration_app_migrationrowerror migration_app_migrationrowerror_pkey; Type: CONSTRAINT; Schema: public; Owner: erp
--

ALTER TABLE ONLY public.migration_app_migrationrowerror
    ADD CONSTRAINT migration_app_migrationrowerror_pkey PRIMARY KEY (id);


--
-- Name: production_challan production_challan_pkey; Type: CONSTRAINT; Schema: public; Owner: erp
--

ALTER TABLE ONLY public.production_challan
    ADD CONSTRAINT production_challan_pkey PRIMARY KEY (id);


--
-- Name: finance_openingbalance uniq_opening_balance_signature; Type: CONSTRAINT; Schema: public; Owner: erp
--

ALTER TABLE ONLY public.finance_openingbalance
    ADD CONSTRAINT uniq_opening_balance_signature UNIQUE (party_id, effective_date, balance_type, amount);


--
-- Name: auth_group_name_a6ea08ec_like; Type: INDEX; Schema: public; Owner: erp
--

CREATE INDEX auth_group_name_a6ea08ec_like ON public.auth_group USING btree (name varchar_pattern_ops);


--
-- Name: auth_group_permissions_group_id_b120cbf9; Type: INDEX; Schema: public; Owner: erp
--

CREATE INDEX auth_group_permissions_group_id_b120cbf9 ON public.auth_group_permissions USING btree (group_id);


--
-- Name: auth_group_permissions_permission_id_84c5c92e; Type: INDEX; Schema: public; Owner: erp
--

CREATE INDEX auth_group_permissions_permission_id_84c5c92e ON public.auth_group_permissions USING btree (permission_id);


--
-- Name: auth_permission_content_type_id_2f476e4b; Type: INDEX; Schema: public; Owner: erp
--

CREATE INDEX auth_permission_content_type_id_2f476e4b ON public.auth_permission USING btree (content_type_id);


--
-- Name: auth_user_groups_group_id_97559544; Type: INDEX; Schema: public; Owner: erp
--

CREATE INDEX auth_user_groups_group_id_97559544 ON public.auth_user_groups USING btree (group_id);


--
-- Name: auth_user_groups_user_id_6a12ed8b; Type: INDEX; Schema: public; Owner: erp
--

CREATE INDEX auth_user_groups_user_id_6a12ed8b ON public.auth_user_groups USING btree (user_id);


--
-- Name: auth_user_user_permissions_permission_id_1fbb5f2c; Type: INDEX; Schema: public; Owner: erp
--

CREATE INDEX auth_user_user_permissions_permission_id_1fbb5f2c ON public.auth_user_user_permissions USING btree (permission_id);


--
-- Name: auth_user_user_permissions_user_id_a95ead1b; Type: INDEX; Schema: public; Owner: erp
--

CREATE INDEX auth_user_user_permissions_user_id_a95ead1b ON public.auth_user_user_permissions USING btree (user_id);


--
-- Name: auth_user_username_6821ab7c_like; Type: INDEX; Schema: public; Owner: erp
--

CREATE INDEX auth_user_username_6821ab7c_like ON public.auth_user USING btree (username varchar_pattern_ops);


--
-- Name: django_admin_log_content_type_id_c4bce8eb; Type: INDEX; Schema: public; Owner: erp
--

CREATE INDEX django_admin_log_content_type_id_c4bce8eb ON public.django_admin_log USING btree (content_type_id);


--
-- Name: django_admin_log_user_id_c564eba6; Type: INDEX; Schema: public; Owner: erp
--

CREATE INDEX django_admin_log_user_id_c564eba6 ON public.django_admin_log USING btree (user_id);


--
-- Name: django_session_expire_date_a5c62663; Type: INDEX; Schema: public; Owner: erp
--

CREATE INDEX django_session_expire_date_a5c62663 ON public.django_session USING btree (expire_date);


--
-- Name: django_session_session_key_c0390e0f_like; Type: INDEX; Schema: public; Owner: erp
--

CREATE INDEX django_session_session_key_c0390e0f_like ON public.django_session USING btree (session_key varchar_pattern_ops);


--
-- Name: finance_invoice_party_id_8b90ac84; Type: INDEX; Schema: public; Owner: erp
--

CREATE INDEX finance_invoice_party_id_8b90ac84 ON public.finance_invoice USING btree (party_id);


--
-- Name: finance_invoice_source_batch_id_3823c1d5; Type: INDEX; Schema: public; Owner: erp
--

CREATE INDEX finance_invoice_source_batch_id_3823c1d5 ON public.finance_invoice USING btree (source_batch_id);


--
-- Name: finance_openingbalance_party_id_966a09f1; Type: INDEX; Schema: public; Owner: erp
--

CREATE INDEX finance_openingbalance_party_id_966a09f1 ON public.finance_openingbalance USING btree (party_id);


--
-- Name: finance_openingbalance_source_batch_id_09cfade2; Type: INDEX; Schema: public; Owner: erp
--

CREATE INDEX finance_openingbalance_source_batch_id_09cfade2 ON public.finance_openingbalance USING btree (source_batch_id);


--
-- Name: finance_payment_party_id_071bb638; Type: INDEX; Schema: public; Owner: erp
--

CREATE INDEX finance_payment_party_id_071bb638 ON public.finance_payment USING btree (party_id);


--
-- Name: finance_payment_source_batch_id_b5e8b675; Type: INDEX; Schema: public; Owner: erp
--

CREATE INDEX finance_payment_source_batch_id_b5e8b675 ON public.finance_payment USING btree (source_batch_id);


--
-- Name: governance_approvalrequest_approved_by_id_e476a09e; Type: INDEX; Schema: public; Owner: erp
--

CREATE INDEX governance_approvalrequest_approved_by_id_e476a09e ON public.governance_approvalrequest USING btree (approved_by_id);


--
-- Name: governance_approvalrequest_content_type_id_13ec012d; Type: INDEX; Schema: public; Owner: erp
--

CREATE INDEX governance_approvalrequest_content_type_id_13ec012d ON public.governance_approvalrequest USING btree (content_type_id);


--
-- Name: governance_approvalrequest_submitted_by_id_ee118227; Type: INDEX; Schema: public; Owner: erp
--

CREATE INDEX governance_approvalrequest_submitted_by_id_ee118227 ON public.governance_approvalrequest USING btree (submitted_by_id);


--
-- Name: governance_auditevent_actor_id_7f2d60e0; Type: INDEX; Schema: public; Owner: erp
--

CREATE INDEX governance_auditevent_actor_id_7f2d60e0 ON public.governance_auditevent USING btree (actor_id);


--
-- Name: governance_auditevent_approval_request_id_5df6df86; Type: INDEX; Schema: public; Owner: erp
--

CREATE INDEX governance_auditevent_approval_request_id_5df6df86 ON public.governance_auditevent USING btree (approval_request_id);


--
-- Name: governance_auditevent_content_type_id_5c30f05a; Type: INDEX; Schema: public; Owner: erp
--

CREATE INDEX governance_auditevent_content_type_id_5c30f05a ON public.governance_auditevent USING btree (content_type_id);


--
-- Name: governance_auditevent_migration_batch_id_c104df32; Type: INDEX; Schema: public; Owner: erp
--

CREATE INDEX governance_auditevent_migration_batch_id_c104df32 ON public.governance_auditevent USING btree (migration_batch_id);


--
-- Name: governance_backupsnapshot_created_by_id_7bcbf960; Type: INDEX; Schema: public; Owner: erp
--

CREATE INDEX governance_backupsnapshot_created_by_id_7bcbf960 ON public.governance_backupsnapshot USING btree (created_by_id);


--
-- Name: masters_party_name_44e7b08a_like; Type: INDEX; Schema: public; Owner: erp
--

CREATE INDEX masters_party_name_44e7b08a_like ON public.masters_party USING btree (name varchar_pattern_ops);


--
-- Name: masters_party_source_batch_id_cf6e33e9; Type: INDEX; Schema: public; Owner: erp
--

CREATE INDEX masters_party_source_batch_id_cf6e33e9 ON public.masters_party USING btree (source_batch_id);


--
-- Name: migration_app_migrationbatch_rolled_back_by_id_efd58726; Type: INDEX; Schema: public; Owner: erp
--

CREATE INDEX migration_app_migrationbatch_rolled_back_by_id_efd58726 ON public.migration_app_migrationbatch USING btree (rolled_back_by_id);


--
-- Name: migration_app_migrationbatch_triggered_by_id_d75baee7; Type: INDEX; Schema: public; Owner: erp
--

CREATE INDEX migration_app_migrationbatch_triggered_by_id_d75baee7 ON public.migration_app_migrationbatch USING btree (triggered_by_id);


--
-- Name: migration_app_migrationrowerror_batch_id_2b94e58f; Type: INDEX; Schema: public; Owner: erp
--

CREATE INDEX migration_app_migrationrowerror_batch_id_2b94e58f ON public.migration_app_migrationrowerror USING btree (batch_id);


--
-- Name: production_challan_party_id_d0856bb4; Type: INDEX; Schema: public; Owner: erp
--

CREATE INDEX production_challan_party_id_d0856bb4 ON public.production_challan USING btree (party_id);


--
-- Name: production_challan_source_batch_id_db4152a3; Type: INDEX; Schema: public; Owner: erp
--

CREATE INDEX production_challan_source_batch_id_db4152a3 ON public.production_challan USING btree (source_batch_id);


--
-- Name: uniq_party_challan_number; Type: INDEX; Schema: public; Owner: erp
--

CREATE UNIQUE INDEX uniq_party_challan_number ON public.production_challan USING btree (party_id, challan_number) WHERE (NOT ((challan_number)::text = ''::text));


--
-- Name: uniq_party_invoice_number; Type: INDEX; Schema: public; Owner: erp
--

CREATE UNIQUE INDEX uniq_party_invoice_number ON public.finance_invoice USING btree (party_id, invoice_number) WHERE (NOT ((invoice_number)::text = ''::text));


--
-- Name: uniq_party_payment_reference; Type: INDEX; Schema: public; Owner: erp
--

CREATE UNIQUE INDEX uniq_party_payment_reference ON public.finance_payment USING btree (party_id, reference_number) WHERE (NOT ((reference_number)::text = ''::text));


--
-- Name: auth_group_permissions auth_group_permissio_permission_id_84c5c92e_fk_auth_perm; Type: FK CONSTRAINT; Schema: public; Owner: erp
--

ALTER TABLE ONLY public.auth_group_permissions
    ADD CONSTRAINT auth_group_permissio_permission_id_84c5c92e_fk_auth_perm FOREIGN KEY (permission_id) REFERENCES public.auth_permission(id) DEFERRABLE INITIALLY DEFERRED;


--
-- Name: auth_group_permissions auth_group_permissions_group_id_b120cbf9_fk_auth_group_id; Type: FK CONSTRAINT; Schema: public; Owner: erp
--

ALTER TABLE ONLY public.auth_group_permissions
    ADD CONSTRAINT auth_group_permissions_group_id_b120cbf9_fk_auth_group_id FOREIGN KEY (group_id) REFERENCES public.auth_group(id) DEFERRABLE INITIALLY DEFERRED;


--
-- Name: auth_permission auth_permission_content_type_id_2f476e4b_fk_django_co; Type: FK CONSTRAINT; Schema: public; Owner: erp
--

ALTER TABLE ONLY public.auth_permission
    ADD CONSTRAINT auth_permission_content_type_id_2f476e4b_fk_django_co FOREIGN KEY (content_type_id) REFERENCES public.django_content_type(id) DEFERRABLE INITIALLY DEFERRED;


--
-- Name: auth_user_groups auth_user_groups_group_id_97559544_fk_auth_group_id; Type: FK CONSTRAINT; Schema: public; Owner: erp
--

ALTER TABLE ONLY public.auth_user_groups
    ADD CONSTRAINT auth_user_groups_group_id_97559544_fk_auth_group_id FOREIGN KEY (group_id) REFERENCES public.auth_group(id) DEFERRABLE INITIALLY DEFERRED;


--
-- Name: auth_user_groups auth_user_groups_user_id_6a12ed8b_fk_auth_user_id; Type: FK CONSTRAINT; Schema: public; Owner: erp
--

ALTER TABLE ONLY public.auth_user_groups
    ADD CONSTRAINT auth_user_groups_user_id_6a12ed8b_fk_auth_user_id FOREIGN KEY (user_id) REFERENCES public.auth_user(id) DEFERRABLE INITIALLY DEFERRED;


--
-- Name: auth_user_user_permissions auth_user_user_permi_permission_id_1fbb5f2c_fk_auth_perm; Type: FK CONSTRAINT; Schema: public; Owner: erp
--

ALTER TABLE ONLY public.auth_user_user_permissions
    ADD CONSTRAINT auth_user_user_permi_permission_id_1fbb5f2c_fk_auth_perm FOREIGN KEY (permission_id) REFERENCES public.auth_permission(id) DEFERRABLE INITIALLY DEFERRED;


--
-- Name: auth_user_user_permissions auth_user_user_permissions_user_id_a95ead1b_fk_auth_user_id; Type: FK CONSTRAINT; Schema: public; Owner: erp
--

ALTER TABLE ONLY public.auth_user_user_permissions
    ADD CONSTRAINT auth_user_user_permissions_user_id_a95ead1b_fk_auth_user_id FOREIGN KEY (user_id) REFERENCES public.auth_user(id) DEFERRABLE INITIALLY DEFERRED;


--
-- Name: django_admin_log django_admin_log_content_type_id_c4bce8eb_fk_django_co; Type: FK CONSTRAINT; Schema: public; Owner: erp
--

ALTER TABLE ONLY public.django_admin_log
    ADD CONSTRAINT django_admin_log_content_type_id_c4bce8eb_fk_django_co FOREIGN KEY (content_type_id) REFERENCES public.django_content_type(id) DEFERRABLE INITIALLY DEFERRED;


--
-- Name: django_admin_log django_admin_log_user_id_c564eba6_fk_auth_user_id; Type: FK CONSTRAINT; Schema: public; Owner: erp
--

ALTER TABLE ONLY public.django_admin_log
    ADD CONSTRAINT django_admin_log_user_id_c564eba6_fk_auth_user_id FOREIGN KEY (user_id) REFERENCES public.auth_user(id) DEFERRABLE INITIALLY DEFERRED;


--
-- Name: finance_invoice finance_invoice_party_id_8b90ac84_fk_masters_party_id; Type: FK CONSTRAINT; Schema: public; Owner: erp
--

ALTER TABLE ONLY public.finance_invoice
    ADD CONSTRAINT finance_invoice_party_id_8b90ac84_fk_masters_party_id FOREIGN KEY (party_id) REFERENCES public.masters_party(id) DEFERRABLE INITIALLY DEFERRED;


--
-- Name: finance_invoice finance_invoice_source_batch_id_3823c1d5_fk_migration; Type: FK CONSTRAINT; Schema: public; Owner: erp
--

ALTER TABLE ONLY public.finance_invoice
    ADD CONSTRAINT finance_invoice_source_batch_id_3823c1d5_fk_migration FOREIGN KEY (source_batch_id) REFERENCES public.migration_app_migrationbatch(id) DEFERRABLE INITIALLY DEFERRED;


--
-- Name: finance_openingbalance finance_openingbalan_source_batch_id_09cfade2_fk_migration; Type: FK CONSTRAINT; Schema: public; Owner: erp
--

ALTER TABLE ONLY public.finance_openingbalance
    ADD CONSTRAINT finance_openingbalan_source_batch_id_09cfade2_fk_migration FOREIGN KEY (source_batch_id) REFERENCES public.migration_app_migrationbatch(id) DEFERRABLE INITIALLY DEFERRED;


--
-- Name: finance_openingbalance finance_openingbalance_party_id_966a09f1_fk_masters_party_id; Type: FK CONSTRAINT; Schema: public; Owner: erp
--

ALTER TABLE ONLY public.finance_openingbalance
    ADD CONSTRAINT finance_openingbalance_party_id_966a09f1_fk_masters_party_id FOREIGN KEY (party_id) REFERENCES public.masters_party(id) DEFERRABLE INITIALLY DEFERRED;


--
-- Name: finance_payment finance_payment_party_id_071bb638_fk_masters_party_id; Type: FK CONSTRAINT; Schema: public; Owner: erp
--

ALTER TABLE ONLY public.finance_payment
    ADD CONSTRAINT finance_payment_party_id_071bb638_fk_masters_party_id FOREIGN KEY (party_id) REFERENCES public.masters_party(id) DEFERRABLE INITIALLY DEFERRED;


--
-- Name: finance_payment finance_payment_source_batch_id_b5e8b675_fk_migration; Type: FK CONSTRAINT; Schema: public; Owner: erp
--

ALTER TABLE ONLY public.finance_payment
    ADD CONSTRAINT finance_payment_source_batch_id_b5e8b675_fk_migration FOREIGN KEY (source_batch_id) REFERENCES public.migration_app_migrationbatch(id) DEFERRABLE INITIALLY DEFERRED;


--
-- Name: governance_approvalrequest governance_approvalr_approved_by_id_e476a09e_fk_auth_user; Type: FK CONSTRAINT; Schema: public; Owner: erp
--

ALTER TABLE ONLY public.governance_approvalrequest
    ADD CONSTRAINT governance_approvalr_approved_by_id_e476a09e_fk_auth_user FOREIGN KEY (approved_by_id) REFERENCES public.auth_user(id) DEFERRABLE INITIALLY DEFERRED;


--
-- Name: governance_approvalrequest governance_approvalr_content_type_id_13ec012d_fk_django_co; Type: FK CONSTRAINT; Schema: public; Owner: erp
--

ALTER TABLE ONLY public.governance_approvalrequest
    ADD CONSTRAINT governance_approvalr_content_type_id_13ec012d_fk_django_co FOREIGN KEY (content_type_id) REFERENCES public.django_content_type(id) DEFERRABLE INITIALLY DEFERRED;


--
-- Name: governance_approvalrequest governance_approvalr_submitted_by_id_ee118227_fk_auth_user; Type: FK CONSTRAINT; Schema: public; Owner: erp
--

ALTER TABLE ONLY public.governance_approvalrequest
    ADD CONSTRAINT governance_approvalr_submitted_by_id_ee118227_fk_auth_user FOREIGN KEY (submitted_by_id) REFERENCES public.auth_user(id) DEFERRABLE INITIALLY DEFERRED;


--
-- Name: governance_auditevent governance_auditeven_approval_request_id_5df6df86_fk_governanc; Type: FK CONSTRAINT; Schema: public; Owner: erp
--

ALTER TABLE ONLY public.governance_auditevent
    ADD CONSTRAINT governance_auditeven_approval_request_id_5df6df86_fk_governanc FOREIGN KEY (approval_request_id) REFERENCES public.governance_approvalrequest(id) DEFERRABLE INITIALLY DEFERRED;


--
-- Name: governance_auditevent governance_auditeven_content_type_id_5c30f05a_fk_django_co; Type: FK CONSTRAINT; Schema: public; Owner: erp
--

ALTER TABLE ONLY public.governance_auditevent
    ADD CONSTRAINT governance_auditeven_content_type_id_5c30f05a_fk_django_co FOREIGN KEY (content_type_id) REFERENCES public.django_content_type(id) DEFERRABLE INITIALLY DEFERRED;


--
-- Name: governance_auditevent governance_auditeven_migration_batch_id_c104df32_fk_migration; Type: FK CONSTRAINT; Schema: public; Owner: erp
--

ALTER TABLE ONLY public.governance_auditevent
    ADD CONSTRAINT governance_auditeven_migration_batch_id_c104df32_fk_migration FOREIGN KEY (migration_batch_id) REFERENCES public.migration_app_migrationbatch(id) DEFERRABLE INITIALLY DEFERRED;


--
-- Name: governance_auditevent governance_auditevent_actor_id_7f2d60e0_fk_auth_user_id; Type: FK CONSTRAINT; Schema: public; Owner: erp
--

ALTER TABLE ONLY public.governance_auditevent
    ADD CONSTRAINT governance_auditevent_actor_id_7f2d60e0_fk_auth_user_id FOREIGN KEY (actor_id) REFERENCES public.auth_user(id) DEFERRABLE INITIALLY DEFERRED;


--
-- Name: governance_backupsnapshot governance_backupsna_created_by_id_7bcbf960_fk_auth_user; Type: FK CONSTRAINT; Schema: public; Owner: erp
--

ALTER TABLE ONLY public.governance_backupsnapshot
    ADD CONSTRAINT governance_backupsna_created_by_id_7bcbf960_fk_auth_user FOREIGN KEY (created_by_id) REFERENCES public.auth_user(id) DEFERRABLE INITIALLY DEFERRED;


--
-- Name: masters_party masters_party_source_batch_id_cf6e33e9_fk_migration; Type: FK CONSTRAINT; Schema: public; Owner: erp
--

ALTER TABLE ONLY public.masters_party
    ADD CONSTRAINT masters_party_source_batch_id_cf6e33e9_fk_migration FOREIGN KEY (source_batch_id) REFERENCES public.migration_app_migrationbatch(id) DEFERRABLE INITIALLY DEFERRED;


--
-- Name: migration_app_migrationrowerror migration_app_migrat_batch_id_2b94e58f_fk_migration; Type: FK CONSTRAINT; Schema: public; Owner: erp
--

ALTER TABLE ONLY public.migration_app_migrationrowerror
    ADD CONSTRAINT migration_app_migrat_batch_id_2b94e58f_fk_migration FOREIGN KEY (batch_id) REFERENCES public.migration_app_migrationbatch(id) DEFERRABLE INITIALLY DEFERRED;


--
-- Name: migration_app_migrationbatch migration_app_migrat_rolled_back_by_id_efd58726_fk_auth_user; Type: FK CONSTRAINT; Schema: public; Owner: erp
--

ALTER TABLE ONLY public.migration_app_migrationbatch
    ADD CONSTRAINT migration_app_migrat_rolled_back_by_id_efd58726_fk_auth_user FOREIGN KEY (rolled_back_by_id) REFERENCES public.auth_user(id) DEFERRABLE INITIALLY DEFERRED;


--
-- Name: migration_app_migrationbatch migration_app_migrat_triggered_by_id_d75baee7_fk_auth_user; Type: FK CONSTRAINT; Schema: public; Owner: erp
--

ALTER TABLE ONLY public.migration_app_migrationbatch
    ADD CONSTRAINT migration_app_migrat_triggered_by_id_d75baee7_fk_auth_user FOREIGN KEY (triggered_by_id) REFERENCES public.auth_user(id) DEFERRABLE INITIALLY DEFERRED;


--
-- Name: production_challan production_challan_party_id_d0856bb4_fk_masters_party_id; Type: FK CONSTRAINT; Schema: public; Owner: erp
--

ALTER TABLE ONLY public.production_challan
    ADD CONSTRAINT production_challan_party_id_d0856bb4_fk_masters_party_id FOREIGN KEY (party_id) REFERENCES public.masters_party(id) DEFERRABLE INITIALLY DEFERRED;


--
-- Name: production_challan production_challan_source_batch_id_db4152a3_fk_migration; Type: FK CONSTRAINT; Schema: public; Owner: erp
--

ALTER TABLE ONLY public.production_challan
    ADD CONSTRAINT production_challan_source_batch_id_db4152a3_fk_migration FOREIGN KEY (source_batch_id) REFERENCES public.migration_app_migrationbatch(id) DEFERRABLE INITIALLY DEFERRED;


--
-- PostgreSQL database dump complete
--

\unrestrict E95Q71ydabZ1e7Pj0WEMTMJLxq8oFis0Vmqip8bCR1mkYMpqnxlq8XppAlrDMwX

